date,sentiment_bucket,classification,trades,active_accounts,total_size_usd,avg_trade_size_usd,gross_pnl,fees,net_pnl,realized_trades,long_trades,short_trades,exposure_proxy,win_rate,long_short_ratio,pnl_per_trade,pnl_per_realized_trade,drawdown_proxy
2023-05-01,Greed,Greed,3,1,477.0,159.0,0.0,0.0,0.0,0,3,0,1.8270553759098846,,,0.0,,0.0
2023-12-05,Greed,Extreme Greed,9,1,50005.83,5556.203333333334,0.0,12.501455,-12.501455,0,7,2,1.8798672880690512,,3.5,0.0,,0.0
2023-12-14,Greed,Greed,11,1,113203.35,10291.213636363636,-205.43473700000007,28.300831000000002,-233.73556800000003,6,7,4,1.6609297294017835,0.6666666666666666,1.75,-18.675885181818188,-34.23912283333335,-205.43473700000007
2023-12-15,Greed,Greed,2,1,10609.95,5304.975,-24.632033999999997,2.652489,-27.284523,2,0,2,1.2956179195014543,0.0,0.0,-12.316016999999999,-12.316016999999999,-24.632033999999997
2023-12-16,Greed,Greed,3,1,15348.77,5116.256666666667,0.0,3.8371890000000004,-3.8371890000000004,0,3,0,1.2766437405232285,,,0.0,,0.0
2023-12-17,Greed,Greed,14,1,116278.02,8305.572857142857,304.982785,29.069499,275.91328599999997,11,14,0,1.964693893694025,0.6363636363636364,,21.78448464285714,27.725707727272724,0.0
2023-12-18,Greed,Greed,2,1,31164.179999999997,15582.089999999998,0.0,7.791045,-7.791045,0,2,0,0.0005595188713047521,,,0.0,,0.0
2023-12-19,Greed,Greed,15,1,91602.41,6106.827333333334,1000.5386120000001,22.900596,977.638016,10,15,0,3.386514849338868,1.0,,66.70257413333334,100.0538612,0.0
2023-12-20,Greed,Greed,18,1,141636.79,7868.710555555556,162.732282,35.409187,127.323095,8,18,0,1.9879356770781227,1.0,,9.040682333333333,20.34153525,0.0
2023-12-21,Greed,Greed,49,1,125233.97,2555.795306122449,537.211402,31.308469,505.902933,27,49,0,3.677736895355003,0.9629629629629629,,10.963498000000001,19.896718592592592,0.0
2023-12-22,Greed,Greed,10,1,88874.28,8887.428,141.832675,22.218566000000003,119.61410899999998,2,10,0,2.2871725235921696,1.0,,14.1832675,70.9163375,0.0
2023-12-23,Greed,Greed,13,1,78438.25,6033.711538461538,146.936704,19.609555,127.327149,8,13,0,2.5439401475286276,1.0,,11.302823384615383,18.367088,0.0
2023-12-24,Greed,Greed,39,1,402954.94,10332.177948717948,1008.619956,100.738715,907.881241,17,32,7,3.9668397092223824,0.8823529411764706,4.571428571428571,25.862050153846155,59.330585647058825,0.0
2023-12-25,Greed,Greed,3,1,59948.51,19982.836666666666,-245.081348,14.987124999999999,-260.068473,1,3,0,0.5175056738955585,0.0,,-81.69378266666666,-245.081348,-245.081348
2023-12-27,Greed,Greed,28,1,171411.06,6121.823571428571,-704.8892269999999,42.852747,-747.741974,13,28,0,2.09487025380301,0.3076923076923077,,-25.174615249999995,-54.222248230769225,-704.8892269999999
2023-12-28,Greed,Greed,23,1,100117.25,4352.923913043478,-970.730876,25.0293,-995.760176,13,23,0,2.493632016791817,0.0,,-42.20569026086957,-74.67160584615384,-970.730876
2023-12-29,Greed,Greed,50,1,569559.72,11391.1944,508.92214299999995,142.389901,366.532242,20,37,13,1.235982595769392,0.75,2.8461538461538463,10.178442859999999,25.446107149999996,0.0
2023-12-30,Greed,Greed,52,1,702550.21,13510.58096153846,354.998648,175.637526,179.36112199999997,33,35,17,4.476250762430893,0.696969696969697,2.0588235294117645,6.826897076923077,10.757534787878788,0.0
2024-01-01,Greed,Greed,18,1,264239.52999999997,14679.973888888888,-129.53146,66.059867,-195.59132699999998,6,14,4,1.0000000741422475,0.16666666666666666,3.5,-7.196192222222223,-21.58857666666667,-129.53146
2024-01-02,Greed,Greed,17,1,121348.74,7138.1611764705885,783.979116,30.337176,753.64194,9,0,17,2.130776930895959,0.8888888888888888,0.0,46.11641858823529,87.10879066666666,0.0
2024-01-03,Greed,Greed,67,1,394499.36,5888.050149253731,866.015507,98.624811,767.390696,35,67,0,2.419552384287344,0.8,,12.925604582089552,24.7433002,0.0
2024-01-04,Greed,Greed,5,1,99792.54000000001,19958.508,-67.60364,24.948132,-92.551772,3,5,0,35.1261080713633,0.0,,-13.520728,-22.534546666666667,-67.60364
2024-01-05,Greed,Greed,66,1,1703942.66,25817.31303030303,164.141565,425.985639,-261.844074,23,42,24,1.0000000347713454,0.5652173913043478,1.75,2.486993409090909,7.136589782608696,0.0
2024-01-06,Greed,Greed,22,1,298521.4,13569.154545454547,135.58166400000002,74.630342,60.95132200000004,12,19,3,3.7714999271782332,0.8333333333333334,6.333333333333333,6.16280290909091,11.298472000000002,0.0
2024-01-07,Greed,Greed,97,1,1048850.06,10812.887216494846,-835.681235,262.212464,-1097.893699,37,79,18,2.3089523975500414,0.24324324324324326,4.388888888888889,-8.615270463917525,-22.585979324324324,-835.681235
2024-01-08,Greed,Greed,128,1,1522452.43,11894.159609375,-269.874439,380.613064,-650.4875030000002,67,81,47,5.747206369554602,0.47761194029850745,1.7234042553191489,-2.1083940546875,-4.027976701492538,-269.874439
2024-01-09,Greed,Extreme Greed,70,1,870051.97,12429.313857142857,-826.349863,204.012928,-1030.3627910000002,28,50,20,1.0940205945612473,0.6428571428571429,2.5,-11.804998042857143,-29.512495107142858,-826.349863
2024-01-10,Greed,Greed,193,1,2057479.48,10660.515440414507,-1517.091342,434.044865,-1951.136207,83,103,90,4.864972286670292,0.4939759036144578,1.1444444444444444,-7.860576901554404,-18.278208939759036,-1517.091342
2024-01-11,Greed,Extreme Greed,21,2,305314.1,14538.766666666666,-164.08950099999998,75.867171,-239.95667199999997,9,12,9,0.9999999435905964,0.5555555555555556,1.3333333333333333,-7.813785761904761,-18.232166777777778,-164.08950099999998
2024-01-12,Greed,Greed,7,1,200082.27,28583.181428571428,-1925.519024,49.480726999999995,-1974.999751,2,7,0,1.0000000752300364,0.0,,-275.0741462857143,-962.759512,-1925.519024
2024-01-15,Neutral,Neutral,14,2,50636.1,3616.8642857142854,152.85358,12.652712,140.200868,9,14,0,40.71944277711085,1.0,,10.918112857142857,16.983731111111112,0.0
2024-01-16,Greed,Greed,9,2,116427.33,12936.37,-2299.171458,17.319309,-2316.4907670000002,5,9,0,1.1831564994079202,0.6,,-255.4634953333333,-459.8342916,-2299.171458
2024-01-17,Greed,Greed,53,1,800831.03,15110.019433962265,813.2741110000001,159.707606,653.566505,19,28,25,4.087527282834115,0.5789473684210527,1.12,15.344794547169812,42.80390057894737,0.0
2024-01-18,Greed,Greed,46,1,424631.52999999997,9231.120217391304,68.93319,92.657901,-23.724710999999996,9,21,25,12.345915470414646,0.3333333333333333,0.84,1.4985476086956522,7.6592433333333325,0.0
2024-01-19,Neutral,Neutral,48,2,428428.97,8925.603541666665,-385.419235,93.051868,-478.471103,27,32,16,17.238050813392196,0.2222222222222222,2.0,-8.029567395833334,-14.274786481481483,-385.419235
2024-01-20,Neutral,Neutral,106,1,1070090.51,10095.193490566038,-146.57487000000003,267.522583,-414.097453,32,62,44,3.665022720349548,0.46875,1.4090909090909092,-1.3827817924528305,-4.580464687500001,-146.57487000000003
2024-01-21,Greed,Greed,11,1,103129.74,9375.43090909091,266.58114600000005,25.78243,240.79871599999998,5,4,7,1.0000002613347272,0.6,0.5714285714285714,24.234649636363642,53.31622920000001,0.0
2024-01-22,Greed,Greed,85,2,337878.99,3975.0469411764707,1375.640959,67.478268,1308.162691,41,50,35,3.0890580503833514,0.5609756097560976,1.4285714285714286,16.18401128235294,33.552218512195125,0.0
2024-01-23,Neutral,Neutral,45,1,414518.93000000005,9211.531777777778,-369.2447299999998,85.72457,-454.96929999999986,20,27,18,13.857478856253646,0.55,1.5,-8.20543844444444,-18.46223649999999,-369.2447299999998
2024-01-24,Neutral,Neutral,68,1,965084.59,14192.42044117647,-2808.353815,227.771095,-3036.12491,40,41,27,9.16489274634474,0.25,1.5185185185185186,-41.29932080882353,-70.208845375,-2808.353815
2024-01-25,Neutral,Neutral,6,1,66566.13,11094.355000000001,-3093.6293849999997,16.641532,-3110.270917,6,6,0,3.8306678868653243,0.0,,-515.6048975,-515.6048975,-3093.6293849999997
2024-01-26,Neutral,Neutral,5,2,11773.21,2354.642,90.2,0.444235,89.755765,1,5,0,2.8982066944180347,1.0,,18.04,90.2,0.0
2024-01-28,Neutral,Neutral,11,1,18109.03,1646.2754545454545,-2478.06972,-0.362176,-2477.707544,11,11,0,22.77264587615048,0.0,,-225.27906545454545,-225.27906545454545,-2478.06972
2024-01-29,Greed,Greed,74,2,414208.18,5597.407837837838,486.562542,103.26260500000001,383.299937,45,46,28,7.472048686962357,1.0,1.6428571428571428,6.5751694864864865,10.812500933333334,0.0
2024-01-30,Greed,Greed,49,1,401011.38,8183.905714285715,-173.65419100000003,100.25281,-273.90700100000004,19,19,30,5.105220948409049,0.2631578947368421,0.6333333333333333,-3.5439630816326537,-9.139694263157896,-173.65419100000003
2024-01-31,Greed,Greed,859,1,6305647.13,7340.683504074505,-799.840817,1549.411475,-2349.252292,436,408,451,38.801728660878474,0.5298165137614679,0.9046563192904656,-0.93113017112922,-1.8344972866972478,-799.840817
2024-02-01,Greed,Greed,6,1,2008.18,334.69666666666666,0.0,0.5020439999999999,-0.5020439999999999,0,6,0,4.9115534324715515,,,0.0,,0.0
2024-02-02,Greed,Greed,42,1,474278.43,11292.343571428572,456.423473,91.569636,364.853837,21,28,14,2.093673488357918,0.6190476190476191,2.0,10.867225547619048,21.734451095238096,0.0
2024-02-03,Greed,Greed,56,1,603820.0,10782.5,223.30918699999998,109.662349,113.64683800000003,12,18,38,7.236875050234243,0.5,0.47368421052631576,3.9876640535714283,18.609098916666664,0.0
2024-02-04,Greed,Greed,35,1,203187.53,5805.358,47.62389499999999,50.52688,-2.9029850000000166,28,23,12,12.894117647058824,0.32142857142857145,1.9166666666666667,1.360682714285714,1.7008533928571425,0.0
2024-02-05,Greed,Greed,72,1,770198.26,10697.198055555556,-33.45419400000003,165.549465,-199.00365900000008,32,47,25,2.8726609595859047,0.4375,1.88,-0.4646415833333337,-1.045443562500001,-33.45419400000003
2024-02-06,Greed,Greed,1088,1,8047153.41,7396.280707720588,-215.615907,988.606997,-1204.222904,523,541,547,18.90837483158294,0.3422562141491396,0.9890310786106032,-0.19817638511029412,-0.41226750860420647,-215.615907
2024-02-07,Greed,Greed,15,1,6758.73,450.582,241.24212,0.339693,240.902427,2,5,10,2.5011709601873537,1.0,0.5,16.082808,120.62106,0.0
2024-02-08,Greed,Greed,10,1,26051.12,2605.112,770.756024,3.0028870000000003,767.7531369999999,4,4,6,1.000000834445928,1.0,0.6666666666666666,77.07560240000001,192.689006,0.0
2024-02-11,Greed,Greed,34,1,212311.82,6244.465294117647,983.443176,24.955292,958.487884,7,22,12,17.86570192168125,1.0,1.8333333333333333,28.924799294117648,140.4918822857143,0.0
2024-02-12,Greed,Greed,16,1,227247.69999999998,14202.981249999999,913.8817869999998,27.111911,886.7698759999998,15,4,12,2.809823433397782,0.4,0.3333333333333333,57.11761168749999,60.925452466666655,0.0
2024-02-13,Greed,Extreme Greed,14,1,1999.99,142.85642857142858,559.44389,-0.039992,559.483882,14,14,0,37.223662083616844,1.0,,39.960277857142856,39.960277857142856,0.0
2024-02-14,Greed,Greed,111,2,320839.88,2890.4493693693694,3830.599833,22.917474000000002,3807.682359,84,74,37,6.865960253057701,0.9880952380952381,2.0,34.509908405405405,45.60237896428572,0.0
2024-02-15,Greed,Greed,63,2,185188.04,2939.4926984126987,1840.797677,30.706297,1810.09138,60,8,55,13.072330000960571,0.95,0.14545454545454545,29.219010746031746,30.679961283333334,0.0
2024-02-16,Greed,Greed,182,2,564896.51,3103.826978021978,5491.768834,27.22517,5464.543664,146,61,121,10.949654754077947,1.0,0.5041322314049587,30.174554032967034,37.61485502739726,0.0
2024-02-17,Greed,Extreme Greed,94,2,406118.07,4320.405,1929.6418,62.055053,1867.586747,65,69,25,3.9315791190329525,0.9384615384615385,2.76,20.52810425531915,29.686796923076926,0.0
2024-02-18,Greed,Greed,97,1,157048.17,1619.0532989690723,477.6248299999999,-3.140925,480.7657549999999,68,82,15,13.060346782562558,0.8970588235294118,5.466666666666667,4.923967319587628,7.023894558823528,0.0
2024-02-19,Greed,Extreme Greed,101,2,286377.2,2835.417821782178,4317.768563,14.85262,4302.915943,79,57,44,15.391881226258628,0.9746835443037974,1.2954545454545454,42.750183792079206,54.65529826582278,0.0
2024-02-20,Greed,Greed,39,2,119419.72,3062.0441025641026,3263.628824,3.073675,3260.555149,32,29,10,16.22062416925122,0.96875,2.9,83.68279035897436,101.98840075,0.0
2024-02-21,Greed,Extreme Greed,22,2,108047.51999999999,4911.250909090909,1858.7985700000002,2.970629,1855.827941,15,22,0,4.393131374285589,1.0,,84.49084409090909,123.91990466666668,0.0
2024-02-22,Greed,Greed,88,2,373033.87,4239.02125,3894.1050699999996,25.45258,3868.6524899999995,54,88,0,4.400142563308314,0.7407407407407407,,44.25119397727272,72.11305685185185,0.0
2024-02-23,Greed,Extreme Greed,143,1,111106.14,776.966013986014,1418.55293,-2.067069,1420.619999,138,11,132,63.20605413570701,0.9927536231884058,0.08333333333333333,9.91995055944056,10.279369057971016,0.0
2024-02-25,Greed,Greed,5,1,4480.13,896.0260000000001,-30.7705,-0.0896,-30.6809,2,0,5,1.2827980452635392,0.0,0.0,-6.1541,-15.38525,-30.7705
2024-02-26,Greed,Greed,39,2,192187.14,4927.875384615385,4416.8473,-0.09772499999999981,4416.945025,34,9,30,36.463134962320325,1.0,0.3,113.25249487179488,129.90727352941178,0.0
2024-02-27,Greed,Extreme Greed,63,2,209362.3,3323.2111111111108,888.511733,-3.761609,892.2733420000001,42,23,40,6.469412347047875,0.6190476190476191,0.575,14.103360841269842,21.155041261904763,0.0
2024-02-28,Greed,Extreme Greed,45,1,171107.13,3802.380666666667,2503.747235,-1.377152,2505.124387,39,12,33,13.432940940520306,1.0,0.36363636363636365,55.63882744444444,64.19864705128205,0.0
2024-02-29,Greed,Extreme Greed,116,2,395666.73,3410.9200862068965,9813.996992,1.3590849999999999,9812.637907,100,46,70,6.353292671527015,1.0,0.6571428571428571,84.60342234482759,98.13996992,0.0
2024-03-01,Greed,Extreme Greed,137,1,472974.7,3452.370072992701,8244.241409,-0.546854,8244.788263,128,107,30,10.378222050065535,1.0,3.566666666666667,60.176944591240876,64.4081360078125,0.0
2024-03-02,Greed,Extreme Greed,31,2,63197.56,2038.6309677419354,230.90060000000005,-0.4691290000000001,231.36972899999995,28,2,29,86.91389230721663,0.75,0.06896551724137931,7.448406451612905,8.246450000000001,0.0
2024-03-03,Greed,Extreme Greed,79,1,390745.68,4946.1478481012655,8361.086245,-2.507103,8363.593348,54,60,19,5.609390328558964,1.0,3.1578947368421053,105.83653474683545,154.83493046296297,0.0
2024-03-04,Greed,Extreme Greed,300,2,1577996.87,5259.989566666667,27799.775742,-0.559449,27800.335191,270,149,151,12.650881619937696,0.9851851851851852,0.9867549668874173,92.66591914,102.96213237777778,0.0
2024-03-05,Greed,Extreme Greed,180,1,841810.32,4676.724,19791.026041,-4.438459,19795.464500000002,163,132,48,11.429807088948937,1.0,2.75,109.95014467222222,121.41733767484664,0.0
2024-03-06,Greed,Extreme Greed,82,1,327218.02,3990.4636585365856,6814.825139,-3.355318,6818.1804569999995,72,29,53,8.553447893679554,1.0,0.5471698113207547,83.10762364634145,94.65034915277778,0.0
2024-03-08,Greed,Extreme Greed,67,1,183583.18,2740.047462686567,4271.886236,-3.6716290000000003,4275.557865,59,48,19,30.641712491187597,1.0,2.526315789473684,63.7594960597015,72.40485145762712,0.0
2024-03-09,Greed,Extreme Greed,117,1,658178.75,5625.459401709401,9949.501624,1.8517640000000002,9947.64986,107,26,91,14.90834277319742,0.9065420560747663,0.2857142857142857,85.03847541880343,92.98599648598132,0.0
2024-03-10,Greed,Extreme Greed,42,1,219973.85,5237.472619047619,2482.9272,2.281072,2480.646128,38,0,42,16.395936075385205,0.7631578947368421,0.0,59.117314285714286,65.34018947368422,0.0
2024-03-11,Greed,Extreme Greed,42,1,176519.44999999998,4202.844047619047,3588.179495,8.47289,3579.7066050000003,39,29,13,51.64877586174208,1.0,2.230769230769231,85.43284511904761,92.00460243589744,0.0
2024-03-12,Greed,Extreme Greed,8,1,103040.85,12880.10625,3039.166,4.945953,3034.220047,7,8,0,34.550642111615225,1.0,,379.89575,434.16657142857144,0.0
2024-03-13,Greed,Extreme Greed,7,1,6000.799999999999,857.2571428571428,0.0,2.100278,-2.100278,0,7,0,0.7473744873362629,,,0.0,,0.0
2024-03-14,Greed,Extreme Greed,18,2,205933.18,11440.732222222221,3465.865832,11.716792,3454.14904,16,18,0,7.051284809470598,1.0,,192.5481017777778,216.6166145,0.0
2024-03-15,Greed,Extreme Greed,62,3,351894.41,5675.71629032258,6236.513651,49.485003,6187.0286479999995,41,39,23,8.86383688605543,1.0,1.6956521739130435,100.58892985483871,152.11008904878048,0.0
2024-03-16,Greed,Extreme Greed,8,2,37223.66,4652.9575,228.57984,10.52828,218.05156,1,6,2,1.968647579577321,1.0,3.0,28.57248,228.57984,0.0
2024-03-17,Greed,Extreme Greed,23,3,99506.95,4326.389130434783,503.293955,33.763329,469.5306259999999,10,16,7,5.467356084475236,1.0,2.2857142857142856,21.882345869565217,50.3293955,0.0
2024-03-18,Greed,Extreme Greed,19,3,90458.08,4760.951578947369,1456.9577,24.943279999999998,1432.01442,6,19,0,4.66262942534878,1.0,,76.68198421052631,242.82628333333332,0.0
2024-03-19,Greed,Extreme Greed,24,3,219884.84,9161.868333333334,668.797973,25.988312,642.809661,7,14,10,4.469907312422181,0.7142857142857143,1.4,27.86658220833333,95.54256757142856,0.0
2024-03-20,Greed,Greed,69,2,215705.85,3126.171739130435,6423.134599,39.878838,6383.255760999999,60,45,24,17.508790933253096,1.0,1.875,93.08890723188406,107.05224331666666,0.0
2024-03-21,Greed,Extreme Greed,28,3,117895.57,4210.556071428572,2335.5080749999997,16.394750000000002,2319.1133250000003,23,5,23,38.33302354993033,1.0,0.21739130434782608,83.41100267857142,101.54382934782608,0.0
2024-03-24,Greed,Greed,19,1,92592.20999999999,4873.274210526315,1297.018477,8.888837,1288.12964,15,0,19,10.667492852111856,1.0,0.0,68.26413036842105,86.46789846666667,0.0
2024-03-25,Greed,Extreme Greed,7,1,57116.32,8159.4742857142855,1302.916428,19.990712,1282.925716,6,6,1,6.436015127235299,1.0,6.0,186.13091828571427,217.152738,0.0
2024-03-26,Greed,Extreme Greed,118,2,198565.19,1682.7558474576272,3215.906593,28.147402999999997,3187.7591899999998,110,116,2,56.45549513106115,1.0,58.0,27.253445703389833,29.235514481818182,0.0
2024-03-27,Greed,Extreme Greed,38,2,99864.79,2628.020789473684,150.41114,31.717952,118.693188,19,24,14,1.6982430222470302,0.631578947368421,1.7142857142857142,3.9581878947368416,7.916375789473683,0.0
2024-03-28,Greed,Extreme Greed,13,2,35323.72,2717.209230769231,227.85100799999998,9.059229,218.791779,9,3,10,7.6606229716831375,1.0,0.3,17.527000615384615,25.316778666666664,0.0
2024-03-29,Greed,Extreme Greed,15,1,86914.37,5794.291333333333,883.097404,30.420029999999997,852.677374,6,15,0,3.813766666666667,1.0,,58.873160266666666,147.18290066666665,0.0
2024-03-30,Greed,Extreme Greed,45,1,101103.92,2246.753777777778,1100.57514,9.939454,1090.635686,44,45,0,63.99235657652257,1.0,,24.45722533333333,25.01307136363636,0.0
2024-03-31,Greed,Extreme Greed,13,1,39912.96,3070.2276923076925,912.786145,13.969522000000001,898.8166229999999,10,10,3,13.088000000000001,1.0,3.3333333333333335,70.21431884615384,91.2786145,0.0
2024-04-01,Greed,Extreme Greed,77,2,339470.47,4408.7074025974025,2507.963406,83.751362,2424.212044,43,69,8,11.128200019206455,0.9767441860465116,8.625,32.57095332467532,58.32473037209302,0.0
2024-04-02,Greed,Extreme Greed,41,2,239664.50999999998,5845.475853658536,883.760812,80.13257399999999,803.628238,12,16,25,12.681375061870511,1.0,0.64,21.555141756097562,73.64673433333333,0.0
2024-04-03,Greed,Greed,4,2,16887.57,4221.8925,126.7884,1.661201,125.12719899999999,1,4,0,50.49999928721114,1.0,,31.6971,126.7884,0.0
2024-04-04,Greed,Greed,32,1,95987.73,2999.6165625,0.0,33.595684999999996,-33.595684999999996,0,0,32,93.85698761850112,,0.0,0.0,,0.0
2024-04-05,Greed,Extreme Greed,100,3,503791.8,5037.918,10706.484306,103.430138,10603.054168,90,93,7,24.523388198185195,1.0,13.285714285714286,107.06484306,118.96093673333334,0.0
2024-04-06,Greed,Extreme Greed,16,1,68223.67,4263.979375,236.33513399999998,23.878277,212.45685699999999,4,4,12,20.15889554942979,1.0,0.3333333333333333,14.770945874999999,59.083783499999996,0.0
2024-04-07,Greed,Extreme Greed,23,1,49988.14,2173.397391304348,0.0,17.495845,-17.495845,0,0,23,95.6315,,0.0,0.0,,0.0
2024-04-08,Greed,Extreme Greed,30,2,211940.64,7064.688,1218.4267,61.790548,1156.636152,1,0,30,93.33762593540592,1.0,0.0,40.614223333333335,1218.4267,0.0
2024-04-09,Greed,Extreme Greed,3,1,57063.840000000004,19021.280000000002,0.0,19.972341,-19.972341,0,0,3,26.05012883644616,,0.0,0.0,,0.0
2024-04-10,Greed,Extreme Greed,41,1,351735.97,8578.926097560974,5207.443414,123.107562,5084.335852,36,6,35,27.67943436765613,1.0,0.17142857142857143,127.01081497560976,144.65120594444446,0.0
2024-04-11,Greed,Extreme Greed,16,1,76400.96,4775.06,389.743164,26.740329,363.002835,2,16,0,10.264015022539665,1.0,,24.35894775,194.871582,0.0
2024-04-12,Greed,Extreme Greed,129,3,442088.59,3427.0433333333335,-592.6458390000001,97.560875,-690.206714,101,114,15,19.389076875393673,0.7029702970297029,7.6,-4.594153790697676,-5.867780584158417,-592.6458390000001
2024-04-13,Greed,Greed,89,2,486411.25,5465.294943820225,6621.451755,118.999176,6502.452579000001,61,63,26,16.812895211416077,1.0,2.423076923076923,74.3983343258427,108.5483894262295,0.0
2024-04-14,Greed,Greed,107,2,659162.17,6160.394112149533,-36104.012520000004,213.477404,-36317.489924,74,80,27,16.750020150391816,0.44594594594594594,2.962962962962963,-337.4206777570094,-487.8920610810811,-36104.012520000004
2024-04-15,Greed,Greed,41,2,291111.19,7100.272926829269,3774.08872,40.650603999999994,3733.438116,35,27,14,11.253090935683318,1.0,1.9285714285714286,92.05094439024391,107.83110628571428,0.0
2024-04-16,Greed,Greed,47,2,181907.17,3870.3653191489366,2467.702221,18.457685,2449.244536,43,14,33,32.51107519434403,1.0,0.42424242424242425,52.504302574468085,57.38842374418605,0.0
2024-04-17,Greed,Greed,14,1,97562.99,6968.785000000001,2441.4683999999997,10.620963,2430.8474370000004,13,0,14,41.6722655012728,1.0,0.0,174.39059999999998,187.8052615384615,0.0
2024-04-19,Greed,Greed,35,1,337257.92000000004,9635.940571428573,1946.4454620000001,118.04025999999999,1828.4052020000001,27,32,3,16.276050650074293,1.0,10.666666666666666,55.61272748571429,72.09057266666667,0.0
2024-04-20,Greed,Greed,22,2,60733.24,2760.601818181818,0.0,121.289047,-121.289047,0,20,2,38.4394,,10.0,0.0,,0.0
2024-04-22,Greed,Greed,9,1,47993.61,5332.623333333333,0.0,16.797764,-16.797764,0,0,9,11.796835694755158,,0.0,0.0,,0.0
2024-04-23,Greed,Greed,66,2,233054.9,3531.1348484848486,1119.536196,71.308476,1048.2277199999999,35,37,29,8.59352725402811,1.0,1.2758620689655173,16.962669636363636,31.98674845714286,0.0
2024-04-24,Greed,Greed,20,1,141275.24,7063.762,279.185907,49.446315999999996,229.73959100000002,7,20,0,2.449763987265126,0.8571428571428571,,13.95929535,39.883700999999995,0.0
2024-04-25,Greed,Greed,74,2,120241.01,1624.8785135135136,0.0,160.159512,-160.159512,0,74,0,100.0,,,0.0,,0.0
2024-04-26,Greed,Greed,3,1,4988.290000000001,1662.7633333333335,0.0,1.745898,-1.745898,0,0,3,77.14617970241522,,0.0,0.0,,0.0
2024-04-27,Greed,Greed,27,1,154264.47,5713.498888888889,4281.488139,53.99255,4227.495589,19,19,8,9.335501337602269,1.0,2.375,158.57363477777778,225.34148100000002,0.0
2024-04-28,Greed,Greed,58,2,43985.6,758.3724137931034,0.0,15.394946,-15.394946,0,0,58,100.0,,0.0,0.0,,0.0
2024-04-29,Greed,Greed,45,2,108699.01,2415.5335555555553,526.9338359999999,38.04463,488.889206,17,7,38,90.74944208862962,1.0,0.18421052631578946,11.709640799999999,30.996107999999996,0.0
2024-04-30,Greed,Greed,24,1,125018.75,5209.114583333333,0.0,43.75655,-43.75655,0,24,0,31.166355763316517,,,0.0,,0.0
2024-05-01,Neutral,Neutral,14,1,87025.45,6216.103571428571,0.0,30.458908,-30.458908,0,14,0,43.03818593305171,,,0.0,,0.0
2024-05-03,Neutral,Neutral,36,3,282682.64999999997,7852.295833333333,5306.017045,98.910681,5207.106364,19,18,18,10.487133333333333,0.8947368421052632,1.0,147.3893623611111,279.264055,0.0
2024-05-04,Greed,Greed,9,2,58998.75,6555.416666666667,0.0,20.649559,-20.649559,0,0,9,5.033329833582343,,0.0,0.0,,0.0
2024-05-05,Greed,Greed,6,2,24068.350000000002,4011.391666666667,0.916,8.412778,-7.496778,1,0,6,8.4898568623652,1.0,0.0,0.15266666666666667,0.916,0.0
2024-05-06,Greed,Greed,9,1,206016.43,22890.714444444442,968.59038,72.105746,896.484634,4,4,5,2.629128132622922,1.0,0.8,107.62115333333333,242.147595,0.0
2024-05-07,Greed,Greed,18,3,108717.58,6039.865555555556,883.537693,38.039061,845.4986319999999,9,5,13,2.8914,1.0,0.38461538461538464,49.08542738888889,98.17085477777778,0.0
2024-05-08,Greed,Greed,13,2,65973.57,5074.89,1.56576,23.076826,-21.511066,2,12,1,9.834496034957537,0.5,12.0,0.12044307692307693,0.78288,0.0
2024-05-09,Greed,Greed,28,2,221966.12,7927.361428571428,1147.595856,77.688132,1069.9077240000001,11,20,8,11.392045403207591,1.0,2.5,40.985566285714285,104.32689599999999,0.0
2024-05-10,Greed,Greed,22,1,156882.0,7131.0,2101.741695,54.90869,2046.833005,6,10,12,5.9165225892565125,1.0,0.8333333333333334,95.53371340909092,350.29028250000005,0.0
2024-05-11,Neutral,Neutral,9,1,63248.95,7027.661111111111,251.604742,22.137125,229.46761700000002,9,9,0,2.0192358284580894,1.0,,27.956082444444444,27.956082444444444,0.0
2024-05-12,Greed,Greed,23,2,55179.56,2399.111304347826,0.0,19.312829,-19.312829,0,17,6,12.277539012666095,,2.8333333333333335,0.0,,0.0
2024-05-13,Greed,Greed,28,2,193118.9,6897.103571428571,2136.853859,67.591599,2069.26226,10,15,13,5.226341668193705,1.0,1.1538461538461537,76.31620925,213.68538589999997,0.0
2024-05-14,Greed,Greed,23,1,145853.4,6341.452173913043,1150.5233050000002,51.048685,1099.4746200000002,4,19,4,15.886418833827168,1.0,4.75,50.02275239130436,287.63082625000004,0.0
2024-05-15,Greed,Greed,36,1,234922.57,6525.626944444444,948.970582,82.222887,866.747695,17,24,12,3.888857177077545,1.0,2.0,26.360293944444447,55.821798941176475,0.0
2024-05-16,Greed,Greed,27,2,162620.96,6022.998518518518,214.5898,56.91732,157.67248,5,9,18,16.496928054004982,1.0,0.5,7.94777037037037,42.91796,0.0
2024-05-18,Greed,Greed,25,1,126303.14,5052.1256,3522.3946610000003,44.206092,3478.188569,16,9,16,8.976182221436797,1.0,0.5625,140.89578644000002,220.14966631250002,0.0
2024-05-19,Greed,Greed,8,1,29998.09,3749.76125,0.0,10.499327000000001,-10.499327000000001,0,8,0,8.475148917725825,,,0.0,,0.0
2024-05-20,Greed,Greed,10,2,38124.75,3812.475,-74.818442,13.343662,-88.162104,3,10,0,8.391952860747132,0.0,,-7.4818442,-24.939480666666668,-74.818442
2024-05-21,Greed,Extreme Greed,125,2,1100948.59,8807.588720000002,7289.397571999999,385.331944,6904.065627999999,25,32,93,8.961171796869388,0.56,0.34408602150537637,58.31518057599999,291.57590287999994,0.0
2024-05-22,Greed,Extreme Greed,6,1,44995.29,7499.215,0.0,15.748349000000001,-15.748349000000001,0,0,6,68.66605680525954,,0.0,0.0,,0.0
2024-05-23,Greed,Extreme Greed,325,3,401850.6,1236.4633846153845,413.347329,113.43007899999999,299.91725,156,90,235,19.71374136605237,0.9294871794871795,0.3829787234042553,1.2718379353846154,2.649662365384615,0.0
2024-05-24,Greed,Greed,2,1,50811.899999999994,25405.949999999997,821.949278,17.784165,804.165113,2,2,0,1.200694605685713,1.0,,410.974639,410.974639,0.0
2024-05-25,Greed,Extreme Greed,16,2,29991.129999999997,1874.4456249999998,14.126038999999999,10.246887000000001,3.879151999999998,5,2,14,3.138895455825956,1.0,0.14285714285714285,0.8828774374999999,2.8252078,0.0
2024-05-26,Greed,Extreme Greed,16,2,53976.67,3373.541875,778.6839,18.768190999999998,759.915709,4,2,14,23.653951024431834,1.0,0.14285714285714285,48.66774375,194.670975,0.0
2024-05-27,Greed,Greed,251,1,151115.72,602.0546613545816,1129.35587,45.832466,1083.523404,93,0,251,45.092437138849434,0.967741935483871,0.0,4.499425776892431,12.143611505376345,0.0
2024-05-29,Greed,Greed,164,2,84268.76,513.8339024390243,277.791953,36.876599,240.915354,71,20,144,5.123796523883513,0.9577464788732394,0.1388888888888889,1.6938533719512194,3.912562718309859,0.0
2024-05-30,Greed,Greed,7,1,2838.09,405.4414285714286,20.951433,0.993326,19.958107,5,0,7,0.9999973885012445,1.0,0.0,2.9930618571428576,4.1902866,0.0
2024-05-31,Greed,Greed,13,1,3636.14,279.70307692307694,25.35812,1.272646,24.085473999999998,4,0,13,1.2205983971027226,1.0,0.0,1.9506246153846154,6.33953,0.0
2024-06-01,Greed,Greed,25,1,12834.62,513.3848,91.510419,4.492106,87.018313,9,0,25,2.6451552849572613,1.0,0.0,3.66041676,10.167824333333334,0.0
2024-06-02,Greed,Greed,93,1,29464.51,316.822688172043,192.906947,7.792912,185.114035,34,0,93,27.307644586752048,1.0,0.0,2.074268247311828,5.6737337352941175,0.0
2024-06-03,Greed,Greed,70,1,21466.86,306.66942857142857,562.808208,5.378086,557.430122,44,0,70,34.46776155717762,1.0,0.0,8.040117257142859,12.791095636363638,0.0
2024-06-04,Greed,Greed,53,1,24243.41,457.42283018867926,52.211438,7.432953,44.778485,25,0,53,10.226271212598634,1.0,0.0,0.9851214716981133,2.08845752,0.0
2024-06-05,Greed,Extreme Greed,54,1,25350.77,469.4587037037037,56.055506,7.1040600000000005,48.951446000000004,17,0,54,7.079932159717467,0.9411764705882353,0.0,1.038064925925926,3.297382705882353,0.0
2024-06-06,Greed,Extreme Greed,234,1,137557.76,587.8536752136753,274.173187,37.079424,237.093763,102,2,232,15.041697503907002,0.9803921568627451,0.008620689655172414,1.1716802863247862,2.6879724215686274,0.0
2024-06-07,Greed,Extreme Greed,440,3,1098588.76,2496.7926363636366,8902.467416,372.962664,8529.504751999999,178,133,307,17.982929717188686,0.9887640449438202,0.43322475570032576,20.23288049090909,50.013861887640445,0.0
2024-06-08,Greed,Greed,29,2,97351.88,3356.961379310345,129.13883900000002,34.073137,95.065702,8,29,0,2.7022642872914866,1.0,,4.453063413793104,16.142354875000002,0.0
2024-06-09,Greed,Extreme Greed,17,2,22410.22,1318.2482352941176,0.0,7.515775,-7.515775,0,17,0,19.160638156141754,,,0.0,,0.0
2024-06-10,Greed,Greed,53,2,46587.93,879.0175471698113,31.266804999999998,14.696328000000001,16.570477,18,4,49,9.49463158795079,1.0,0.08163265306122448,0.589939716981132,1.737044722222222,0.0
2024-06-11,Greed,Greed,123,3,373279.92,3034.7960975609753,4320.631811,129.928213,4190.703598,17,115,8,38.919999999999995,1.0,14.375,35.12708789430894,254.1548124117647,0.0
2024-06-12,Greed,Greed,254,2,193407.96,761.4486614173228,-21886.531493,63.921417,-21950.45291,78,37,217,59.43254246158319,0.2692307692307692,0.17050691244239632,-86.16744682283463,-280.5965576025641,-21886.531493
2024-06-13,Greed,Greed,79,2,132577.22,1678.1926582278481,6632.757115,33.39975,6599.357365,20,62,17,100.0,0.95,3.6470588235294117,83.95895082278481,331.63785575,0.0
2024-06-14,Greed,Greed,31,2,139868.66,4511.892258064517,10258.592609,38.954076,10219.638533,15,16,15,61.01335,1.0,1.0666666666666667,330.9223422258064,683.9061739333333,0.0
2024-06-15,Greed,Greed,78,2,718350.25,9209.61858974359,3369.958346,251.422549,3118.535797,38,47,31,15.999817439150542,1.0,1.5161290322580645,43.20459417948718,88.68311436842104,0.0
2024-06-16,Greed,Greed,11,1,25235.079999999998,2294.0981818181817,0.0,8.832277,-8.832277,0,0,11,40.22187704258894,,0.0,0.0,,0.0
2024-06-17,Greed,Greed,38,2,368380.12,9694.213684210526,10599.502375,128.93302500000001,10470.56935,26,14,24,6.049645326581305,0.9615384615384616,0.5833333333333334,278.9342730263158,407.67316826923076,0.0
2024-06-18,Greed,Greed,25,2,263314.79,10532.5916,282.57636,67.160258,215.416102,4,25,0,7.2001874625986835,1.0,,11.3030544,70.64409,0.0
2024-06-19,Greed,Greed,61,3,417071.12,6837.231475409836,4887.656944,138.851743,4748.805201,31,34,27,94.63781929777056,1.0,1.2592592592592593,80.12552367213115,157.6663530322581,0.0
2024-06-20,Greed,Greed,39,3,207990.8,5333.097435897435,57478.456026,13.46905,57464.986976,8,0,39,100.0,1.0,0.0,1473.8065647692308,7184.80700325,0.0
2024-06-21,Greed,Greed,80,2,176264.49,2203.306125,773.5582039999999,61.277099,712.281105,3,65,15,100.0,1.0,4.333333333333333,9.66947755,257.85273466666666,0.0
2024-06-22,Neutral,Neutral,24,2,169594.27000000002,7066.427916666667,756.876565,40.533382,716.343183,8,12,12,96.90909090909092,1.0,1.0,31.536523541666668,94.609570625,0.0
2024-06-23,Greed,Greed,5,1,1792.12,358.424,0.0,0.17921199999999998,-0.17921199999999998,0,0,5,29.418604651162788,,0.0,0.0,,0.0
2024-06-24,Neutral,Neutral,31,2,403002.8,13000.090322580645,0.0,103.551001,-103.551001,0,25,6,24.637892913990996,,4.166666666666667,0.0,,0.0
2024-06-25,Fear,Fear,49,1,103099.08,2104.062857142857,4869.353105,36.084651,4833.268454,11,0,49,45.17556731483505,1.0,0.0,99.3745531632653,442.6684640909091,0.0
2024-06-26,Neutral,Neutral,72,2,365190.66000000003,5072.092500000001,4197.732182,127.5543,4070.177882,21,62,10,100.0,1.0,6.2,58.30183586111111,199.89200866666664,0.0
2024-06-27,Fear,Fear,30,2,130486.95,4349.565,0.0,45.556012,-45.556012,0,12,18,78.44539893371672,,0.6666666666666666,0.0,,0.0
2024-06-29,Fear,Fear,75,2,280095.11,3734.6014666666665,6150.326145,460.295231,5690.030914,24,13,62,49.58489343168472,1.0,0.20967741935483872,82.0043486,256.263589375,0.0
2024-06-30,Neutral,Neutral,14,2,30520.69,2180.049285714286,0.0,17.057669,-17.057669,0,5,9,16.008178666666666,,0.5555555555555556,0.0,,0.0
2024-07-01,Neutral,Neutral,64,2,362670.14999999997,5666.721093749999,5065.839308,425.323025,4640.516283,26,26,38,12.926560103229527,1.0,0.6842105263157895,79.1537391875,194.83997338461538,0.0
2024-07-02,Neutral,Neutral,18,1,33347.47,1852.6372222222224,2421.253116,11.458730000000001,2409.794386,13,5,13,85.9984305789391,1.0,0.38461538461538464,134.514062,186.25023969230767,0.0
2024-07-03,Neutral,Neutral,18,2,179600.66,9977.814444444444,1118.387284,62.628682,1055.7586019999999,4,14,4,19.2370560535555,1.0,3.5,62.132626888888886,279.596821,0.0
2024-07-04,Fear,Fear,25,2,430568.01,17222.720400000002,0.0,113.02464499999999,-113.02464499999999,0,25,0,15.225744755201147,,,0.0,,0.0
2024-07-05,Fear,Fear,32,2,272289.89,8509.0590625,0.0,95.130717,-95.130717,0,32,0,25.594532018740733,,,0.0,,0.0
2024-07-06,Fear,Fear,24,1,2490.17,103.75708333333334,108.87217799999999,344.35416,-235.481982,7,17,7,10.685811118948278,1.0,2.4285714285714284,4.53634075,15.553168285714284,0.0
2024-07-07,Fear,Fear,10,1,498.75,49.875,61.428942,0.049875,61.379067,10,0,10,100.0,1.0,0.0,6.1428942,6.1428942,0.0
2024-07-08,Fear,Fear,1,1,497.64,497.64,0.0,0.0156,-0.0156,0,1,0,14.833243397435899,,,0.0,,0.0
2024-07-09,Fear,Fear,15,1,2736.45,182.42999999999998,648.984412,0.39756800000000003,648.586844,15,0,15,50.441171395348825,1.0,0.0,43.265627466666665,43.265627466666665,0.0
2024-07-10,Fear,Fear,56,2,687900.21,12283.93232142857,11977.734907,240.76504,11736.969867,38,43,13,14.169133559951604,1.0,3.3076923076923075,213.88812333928573,315.20355018421054,0.0
2024-07-11,Fear,Fear,19,1,169887.02,8941.422105263156,1876.812082,59.460443,1817.351639,9,19,0,5.935475556701018,1.0,,98.77958326315789,208.53467577777778,0.0
2024-07-12,Fear,Fear,19,2,89582.97,4714.893157894737,1412.314654,31.354029,1380.9606250000002,9,10,9,10.966709991943205,1.0,1.1111111111111112,74.33235021052631,156.92385044444444,0.0
2024-07-13,Fear,Fear,17,2,139189.19,8187.599411764706,2913.617837,48.71621,2864.9016269999997,17,13,4,10.850353202984918,1.0,3.25,171.38928452941175,171.38928452941175,0.0
2024-07-14,Fear,Fear,7,1,84001.13,12000.16142857143,0.0,29.400389,-29.400389,0,0,7,2.8656113446033045,,0.0,0.0,,0.0
2024-07-15,Neutral,Neutral,26,2,198344.85,7628.6480769230775,-1.0,68.995769,-69.995769,2,0,26,24.59315,0.0,0.0,-0.038461538461538464,-0.5,-1.0
2024-07-16,Greed,Greed,22,1,144000.57,6545.480454545454,0.0,50.400180999999996,-50.400180999999996,0,0,22,62.48954963153966,,0.0,0.0,,0.0
2024-07-17,Greed,Greed,351,3,626005.53,1783.4915384615385,1859.269477,206.601913,1652.667564,155,0,351,74.11286824374906,0.9354838709677419,0.0,5.297064037037037,11.995286948387097,0.0
2024-07-18,Greed,Greed,60,2,649704.85,10828.414166666666,3803.884311,227.396664,3576.487647,48,12,48,27.60946791767121,1.0,0.25,63.398071849999994,79.2475898125,0.0
2024-07-19,Greed,Greed,23,2,150269.42,6533.453043478262,2155.891114,52.594288,2103.296826,12,13,10,12.476593369580907,1.0,1.3,93.73439626086956,179.65759283333333,0.0
2024-07-20,Greed,Greed,266,2,244362.21,918.65492481203,2299.169566,80.758418,2218.411148,36,5,261,72.05165876746965,0.9166666666666666,0.019157088122605363,8.643494609022557,63.865821277777776,0.0
2024-07-21,Greed,Greed,448,2,234307.46,523.0077232142856,-2960.716887,64.72334,-3025.440227,236,3,445,100.0,0.08898305084745763,0.006741573033707865,-6.608743051339286,-12.545410538135593,-2960.716887
2024-07-22,Greed,Greed,154,2,304213.8,1975.4142857142856,1517.119876,97.459536,1419.66034,106,14,140,100.0,0.20754716981132076,0.1,9.851427766233765,14.312451660377357,0.0
2024-07-23,Greed,Greed,370,3,358526.54,968.9906486486486,89890.302206,59.243126000000004,89831.05908,364,231,139,100.0,0.9038461538461539,1.6618705035971224,242.9467627189189,246.95137968681317,0.0
2024-07-24,Greed,Greed,90,5,69207.93,768.977,625.561479,55.067279,570.4942,18,36,54,8.943367195338059,1.0,0.6666666666666666,6.9506831,34.753415499999996,0.0
2024-07-25,Greed,Greed,78,3,528555.31,6776.350128205129,916.7382600000001,224.185916,692.5523440000001,10,67,11,42.53780974659759,1.0,6.090909090909091,11.753054615384617,91.673826,0.0
2024-07-26,Greed,Greed,152,4,548587.65,3609.1292763157894,2766.513113,206.567015,2559.946098,61,40,112,43.26495609912198,1.0,0.35714285714285715,18.200744164473683,45.35267398360656,0.0
2024-07-27,Greed,Greed,57,2,905199.75,15880.697368421053,6400.623656,316.819894,6083.803762,42,51,6,22.73846204245345,1.0,8.5,112.2916430877193,152.39580133333334,0.0
2024-07-28,Greed,Greed,16,2,43254.68,2703.4175,587.29903,15.139122,572.159908,12,3,13,9.407920825682522,1.0,0.23076923076923078,36.706189375,48.941585833333335,0.0
2024-07-29,Greed,Greed,39,2,327199.14,8389.72153846154,330.80445399999996,114.519684,216.28477,16,28,11,5.940666666666666,1.0,2.5454545454545454,8.482165487179486,20.675278374999998,0.0
2024-07-30,Greed,Greed,6,1,36006.47,6001.078333333334,0.0,12.602264,-12.602264,0,6,0,26.12038903132569,,,0.0,,0.0
2024-07-31,Greed,Greed,43,2,84506.54,1965.2683720930231,765.690884,29.577267000000003,736.113617,14,3,40,11.405516507203526,1.0,0.075,17.806764744186047,54.692206,0.0
2024-08-01,Neutral,Neutral,57,4,227774.53,3996.044385964912,167.080017,108.095036,58.98498099999998,7,52,5,10.498288220553121,0.5714285714285714,10.4,2.9312283684210527,23.868573857142856,0.0
2024-08-02,Greed,Greed,63,3,396320.37,6290.799523809524,782.3681909999999,145.520462,636.847729,17,59,4,29.678526072540944,1.0,14.75,12.418542714285714,46.02165829411764,0.0
2024-08-03,Fear,Fear,37,5,290532.86,7852.239459459459,464.1897,108.653106,355.53659400000004,1,35,2,40.17013338355456,1.0,17.5,12.545667567567568,464.1897,0.0
2024-08-04,Fear,Fear,127,5,1207744.07,9509.795826771655,-122672.000883,445.902235,-123117.903118,65,125,2,47.49542639877126,0.046153846153846156,62.5,-965.9212667952756,-1887.2615520461538,-122672.000883
2024-08-05,Fear,Fear,80,4,420495.4,5256.1925,-13013.665169,202.719158,-13216.384327,38,52,28,13.801797171442614,0.868421052631579,1.8571428571428572,-162.6708146125,-342.464872868421,-13013.665169
2024-08-06,Fear,Extreme Fear,107,2,61478.38,574.5642990654205,267.318048,62.621279,204.696769,26,76,31,24.803136530559797,0.5,2.4516129032258065,2.4982995140186914,10.281463384615384,0.0
2024-08-07,Fear,Fear,33,3,2492.77,75.53848484848484,188.789255,3.7522038,185.0370512,10,12,21,79.81618509945324,1.0,0.5714285714285714,5.720886515151515,18.8789255,0.0
2024-08-08,Fear,Extreme Fear,9,2,16299.35,1811.038888888889,-40.712216999999995,6.647995,-47.360212,3,5,4,13.890730522257366,0.0,1.25,-4.5235796666666666,-13.570738999999998,-40.712216999999995
2024-08-09,Neutral,Neutral,144,5,503204.86,3494.4781944444444,18082.071276,185.25438068,17896.81689532,58,62,82,27.37331399366641,0.7413793103448276,0.7560975609756098,125.56993941666666,311.7598495862069,0.0
2024-08-10,Fear,Fear,88,2,11339.29,128.8555681818182,0.0,50.0831879,-50.0831879,0,87,1,71.40384304286135,,87.0,0.0,,0.0
2024-08-11,Fear,Fear,24,2,44230.21,1842.9254166666667,847.7766200000001,40.931287,806.845333,4,20,4,85.52352126348033,1.0,5.0,35.32402583333334,211.94415500000002,0.0
2024-08-12,Fear,Fear,48,3,54167.32,1128.4858333333334,858.6705000000001,36.071895,822.598605,6,33,15,38.99716862018259,1.0,2.2,17.88896875,143.11175,0.0
2024-08-13,Fear,Fear,23,3,20797.87,904.2552173913043,212.08102,17.932876999999998,194.148143,8,12,11,42.56135477126925,1.0,1.0909090909090908,9.220913913043479,26.5101275,0.0
2024-08-14,Fear,Fear,25,3,66710.03,2668.4012,2168.9015130000003,46.493106,2122.4084070000004,5,24,1,100.0,1.0,24.0,86.75606052,433.7803026,0.0
2024-08-15,Fear,Fear,12,1,1522.3700000000001,126.86416666666668,0.0,16.50261,-16.50261,0,12,0,100.0,,,0.0,,0.0
2024-08-16,Fear,Fear,35,2,166382.84,4753.795428571429,825.230544,81.187942,744.042602,3,35,0,100.0,1.0,,23.578015542857145,275.076848,0.0
2024-08-17,Fear,Fear,30,2,30248.96,1008.2986666666667,-288.283113,17.096539,-305.379652,1,29,1,100.0,0.0,29.0,-9.609437100000001,-288.283113,-288.283113
2024-08-18,Fear,Fear,15,2,62804.48,4186.965333333334,307.201888,21.981557000000002,285.220331,12,12,3,10.656199313093072,1.0,4.0,20.480125866666665,25.600157333333332,0.0
2024-08-19,Fear,Fear,8,1,100315.03,12539.37875,339.69958299999996,35.110258,304.58932500000003,5,8,0,1.4878261487011282,1.0,,42.462447874999995,67.93991659999999,0.0
2024-08-20,Fear,Fear,12,2,49914.8,4159.566666666667,192.602844,17.470174,175.13267000000002,1,4,8,10.884121421238737,1.0,0.5,16.050237,192.602844,0.0
2024-08-21,Fear,Fear,145,2,104990.41,724.0717931034483,656.200925,36.746583,619.454342,54,2,143,29.797000236294892,1.0,0.013986013986013986,4.525523620689655,12.151868981481481,0.0
2024-08-23,Fear,Fear,10,1,63509.56,6350.956,1005.30527,22.228341999999998,983.076928,3,3,7,2.392506667466963,1.0,0.42857142857142855,100.53052699999999,335.10175666666663,0.0
2024-08-24,Greed,Greed,7,2,34999.67,4999.952857142857,0.0,12.249882,-12.249882,0,0,7,2.448976754690048,,0.0,0.0,,0.0
2024-08-25,Neutral,Neutral,17,2,21950.28,1291.1929411764704,0.0,26.303603,-26.303603,0,8,9,69.55805842840773,,0.8888888888888888,0.0,,0.0
2024-08-26,Greed,Greed,6,2,92611.27,15435.211666666668,231.236918,32.302932,198.933986,2,4,2,3.601182027666733,1.0,2.0,38.539486333333336,115.618459,0.0
2024-08-27,Neutral,Neutral,50,2,70250.16,1405.0032,0.0,52.053552,-52.053552,0,49,1,100.0,,49.0,0.0,,0.0
2024-08-28,Fear,Fear,9,2,71160.06999999999,7906.674444444444,1333.359645,24.906026,1308.453619,2,7,2,48.64966971195591,1.0,3.5,148.15107166666667,666.6798225,0.0
2024-08-29,Fear,Fear,1,1,9995.85,9995.85,0.0,3.498547,-3.498547,0,0,1,,,0.0,0.0,,0.0
2024-08-30,Fear,Fear,6,4,37233.24,6205.54,256.464,13.031175999999999,243.432824,1,3,3,3.8174852171821487,1.0,1.0,42.744,256.464,0.0
2024-08-31,Fear,Fear,34,3,107507.43000000001,3161.983235294118,10.882801,39.955315,-29.072513999999998,13,9,25,4.8581267285246685,0.9230769230769231,0.36,0.3200823823529412,0.8371385384615385,0.0
2024-09-01,Fear,Fear,12,1,12359.68,1029.9733333333334,137.433093,4.325861,133.107232,5,4,8,2.156154923005133,1.0,0.5,11.452757750000002,27.486618600000003,0.0
2024-09-02,Fear,Fear,2,1,30000.42,15000.21,0.0,10.500148,-10.500148,0,2,0,11.715506132064684,,,0.0,,0.0
2024-09-04,Fear,Fear,34,2,131480.97,3867.0873529411765,1065.785132,63.570226999999996,1002.214905,8,29,5,100.0,0.625,5.8,31.346621529411763,133.2231415,0.0
2024-09-05,Fear,Fear,1,1,0.84,0.84,0.0,0.0,0.0,0,0,1,1.0033276126630952,,0.0,0.0,,0.0
2024-09-06,Fear,Extreme Fear,42,2,39047.1,929.6928571428571,-1104.856765,13.666476,-1118.523241,38,4,38,100.0,0.0,0.10526315789473684,-26.306113452380952,-29.07517802631579,-1104.856765
2024-09-08,Fear,Fear,1,1,0.11,0.11,0.0,0.0,0.0,0,0,1,0.9983408945454545,,0.0,0.0,,0.0
2024-09-09,Fear,Fear,2,1,4014.4300000000003,2007.2150000000001,0.0,34.9079,-34.9079,0,2,0,6.665255713395886,,,0.0,,0.0
2024-09-10,Fear,Fear,3,2,2547.28,849.0933333333334,-219.729659,7.2904,-227.020059,2,3,0,5.822078235851832,0.0,,-73.24321966666666,-109.8648295,-219.729659
2024-09-11,Fear,Fear,1,1,0.54,0.54,0.0,0.0,0.0,0,0,1,0.9964119394444443,,0.0,0.0,,0.0
2024-09-14,Neutral,Neutral,11,2,1014.8000000000001,92.25454545454546,0.0,30.381330000000002,-30.381330000000002,0,10,1,100.0,,10.0,0.0,,0.0
2024-09-18,Neutral,Neutral,145,1,13633.5,94.02413793103449,-878.684794,31.732943,-910.417737,134,11,134,74.35114587062374,0.0,0.08208955223880597,-6.059895131034483,-6.557349208955224,-878.684794
2024-09-19,Neutral,Neutral,19,1,1521.8700000000001,80.09842105263158,0.0,28.60766,-28.60766,0,19,0,100.0,,,0.0,,0.0
2024-09-20,Neutral,Neutral,16,2,332873.38,20804.58625,9585.03428,109.317031,9475.717249,9,12,4,35.785789851599816,0.8888888888888888,3.0,599.0646425,1065.003808888889,0.0
2024-09-21,Neutral,Neutral,23,1,165648.12,7202.092173913044,36165.56933,57.976841,36107.592489,23,23,0,15.124320788023029,1.0,,1572.416057826087,1572.416057826087,0.0
2024-09-22,Neutral,Neutral,3,1,19999.739999999998,6666.579999999999,0.0,6.999907,-6.999907,0,3,0,1.9789917155279009,,,0.0,,0.0
2024-09-23,Neutral,Neutral,2,1,40334.29,20167.145,334.760796,14.117002000000001,320.643794,1,2,0,1.0000000777997184,1.0,,167.380398,334.760796,0.0
2024-09-24,Neutral,Neutral,10,2,7118.63,711.863,0.0,12.966142,-12.966142,0,9,1,100.0,,9.0,0.0,,0.0
2024-09-25,Greed,Greed,9,2,52754.130000000005,5861.570000000001,0.0,17.764677,-17.764677,0,6,3,15.515440706315061,,2.0,0.0,,0.0
2024-09-26,Neutral,Neutral,8,2,113711.93000000001,14213.991250000001,439.812513,31.348204,408.464309,2,2,6,3.0855420381406344,1.0,0.3333333333333333,54.976564125,219.9062565,0.0
2024-09-27,Greed,Greed,56,2,126097.04,2251.732857142857,0.0,37.503311,-37.503311,0,0,56,100.0,,0.0,0.0,,0.0
2024-09-28,Greed,Greed,4,1,29199.21,7299.8025,0.0,2.8031200000000003,-2.8031200000000003,0,0,4,16.796712793985236,,0.0,0.0,,0.0
2024-09-30,Greed,Greed,106,2,214669.85,2025.1872641509435,2710.626288,65.637576,2644.988712,5,5,101,100.0,1.0,0.04950495049504951,25.571946113207545,542.1252575999999,0.0
2024-10-01,Neutral,Neutral,4,1,139954.32,34988.58,0.0,48.98401,-48.98401,0,4,0,4.074678840893166,,,0.0,,0.0
2024-10-02,Fear,Fear,4,1,99954.34,24988.585,0.0,34.984016999999994,-34.984016999999994,0,4,0,51.60097489258514,,,0.0,,0.0
2024-10-03,Fear,Fear,9,2,132935.69,14770.632222222222,100.375782,46.527491000000005,53.848290999999996,3,9,0,4.55560209089641,1.0,,11.152864666666666,33.458594,0.0
2024-10-04,Fear,Fear,1,1,0.34,0.34,0.0,0.0,0.0,0,0,1,0.9944253291176469,,0.0,0.0,,0.0
2024-10-05,Neutral,Neutral,37,2,605605.74,16367.722702702702,5767.161892,211.961771,5555.200121,24,31,6,6.4749920634920635,1.0,5.166666666666667,155.86924032432432,240.29841216666668,0.0
2024-10-06,Neutral,Neutral,22,1,300130.56,13642.298181818182,130.487079,105.045693,25.441386,5,11,11,8.467392172898377,1.0,1.0,5.9312308636363635,26.0974158,0.0
2024-10-07,Neutral,Neutral,21,1,219984.65,10475.459523809524,0.0,76.994616,-76.994616,0,0,21,96.04684032532869,,0.0,0.0,,0.0
2024-10-08,Neutral,Neutral,36,2,434584.13,12071.781388888889,5396.546638,152.10422,5244.4424180000005,33,1,35,44.00383538647343,1.0,0.02857142857142857,149.90407327777777,163.5317163030303,0.0
2024-10-09,Neutral,Neutral,14,1,220399.93,15742.852142857142,396.06272,77.139967,318.922753,3,14,0,3.040148993146703,1.0,,28.290194285714286,132.02090666666666,0.0
2024-10-10,Fear,Fear,16,1,300024.33999999997,18751.521249999998,0.0,105.00851,-105.00851,0,16,0,15.60126716515542,,,0.0,,0.0
2024-10-11,Fear,Fear,26,2,488904.19,18804.007307692307,8885.327477,171.116194,8714.211283,18,18,8,7.957551437352498,1.0,2.25,341.74336450000004,493.6293042777778,0.0
2024-10-12,Neutral,Neutral,10,1,159713.4,15971.34,541.55471,55.899685,485.65502499999997,7,2,8,2.464337449591254,1.0,0.25,54.155471,77.36495857142857,0.0
2024-10-13,Neutral,Neutral,10,1,60002.42,6000.242,0.0,21.000841,-21.000841,0,10,0,2.35643448689738,,,0.0,,0.0
2024-10-14,Neutral,Neutral,5,1,61916.020000000004,12383.204000000002,1913.61958,21.670604,1891.948976,5,5,0,2.063874867582892,1.0,,382.72391600000003,382.72391600000003,0.0
2024-10-15,Greed,Greed,7,1,81173.36,11596.194285714286,1170.2260760000001,28.410673,1141.815403,4,7,0,1.0000003789722314,1.0,,167.17515371428573,292.55651900000004,0.0
2024-10-16,Greed,Greed,11,1,80229.17,7293.560909090909,219.480876,28.080204000000002,191.400672,3,11,0,1.6122181818181818,1.0,,19.95280690909091,73.160292,0.0
2024-10-17,Greed,Greed,9,2,140531.75,15614.638888888889,36.11496,49.186107,-13.071147000000003,2,9,0,1.000000137482653,0.5,,4.0127733333333335,18.05748,0.0
2024-10-18,Greed,Greed,6,1,120331.43000000001,20055.238333333335,333.219141,42.115998,291.103143,5,6,0,1.3502887492844022,1.0,,55.536523499999994,66.6438282,0.0
2024-10-19,Greed,Greed,4,1,99996.86,24999.215,0.0,34.998901000000004,-34.998901000000004,0,4,0,0.9963802516400072,,,0.0,,0.0
2024-10-20,Greed,Greed,96,2,176447.86000000002,1837.9985416666668,389.155797,59.257459,329.898338,11,6,90,44.00299354996599,1.0,0.06666666666666667,4.05370621875,35.37779972727273,0.0
2024-10-21,Greed,Greed,173,2,324117.99,1873.5143930635838,2464.915564,109.858043,2355.057521,68,11,162,28.447673083833028,1.0,0.06790123456790123,14.248066843930635,36.24875829411764,0.0
2024-10-22,Greed,Greed,3,1,60000.36,20000.12,0.0,21.000124,-21.000124,0,3,0,6.094319393567109,,,0.0,,0.0
2024-10-23,Greed,Greed,18,1,210006.07,11667.003888888888,-46.489941,73.502111,-119.992052,3,18,0,7.294051389741938,0.0,,-2.5827745,-15.496647000000001,-46.489941
2024-10-25,Greed,Greed,30,2,427883.18,14262.772666666666,13235.862071,143.841914,13092.020156999999,21,25,5,5.92832401189041,1.0,5.0,441.19540236666666,630.2791462380952,0.0
2024-10-26,,,6,1,88668.86,14778.143333333333,42471.99413,8.512204,42463.481926,6,0,6,2.695559157447975,1.0,0.0,7078.6656883333335,7078.6656883333335,0.0
2024-10-27,Greed,Greed,4,1,90664.41,22666.1025,666.6623079999999,31.73254,634.929768,3,3,1,12.236228065964477,1.0,3.0,166.66557699999998,222.22076933333332,0.0
2024-10-28,Greed,Greed,13,2,121495.25,9345.788461538461,167.28016200000002,42.27334,125.00682200000003,4,1,12,10.317623504860284,1.0,0.08333333333333333,12.867704769230771,41.820040500000005,0.0
2024-10-29,Greed,Greed,53,2,613267.8099999999,11571.09075471698,801.170876,214.643714,586.527162,3,0,53,28.764467547883143,1.0,0.0,15.11643162264151,267.0569586666667,0.0
2024-10-30,Greed,Extreme Greed,25,1,11830.85,473.23400000000004,9.150023,3.596988,5.5530349999999995,8,0,25,6.111491270742123,0.875,0.0,0.36600091999999995,1.143752875,0.0
2024-10-31,Greed,Extreme Greed,48,3,896173.36,18670.278333333332,1214.043811,312.710928,901.332883,37,11,37,10.150214278199396,0.918918918918919,0.2972972972972973,25.292579395833332,32.81199489189189,0.0
2024-11-01,Greed,Extreme Greed,23,2,260981.03,11347.001304347827,1040.475736,90.654875,949.820861,10,23,0,2.27146501040849,0.6,,45.238075478260875,104.0475736,0.0
2024-11-02,Greed,Greed,2,1,40000.0,20000.0,0.0,13.999997,-13.999997,0,2,0,5.44907384,,,0.0,,0.0
2024-11-03,Greed,Greed,6,2,129055.66,21509.27666666667,0.0,40.404152,-40.404152,0,6,0,5.699791266310914,,,0.0,,0.0
2024-11-04,Greed,Greed,36,2,451811.97,12550.332499999999,2799.410474,158.13418000000001,2641.2762940000002,23,36,0,4.027230983283515,1.0,,77.76140205555555,121.71349886956521,0.0
2024-11-05,Greed,Greed,10,1,200627.23,20062.723,678.4759280000001,70.219524,608.256404,5,10,0,6.8291029931838985,1.0,,67.8475928,135.6951856,0.0
2024-11-06,Greed,Greed,15,2,123906.9,8260.46,2817.83723,43.36741,2774.46982,9,15,0,1.5635692567701318,0.7777777777777778,,187.85581533333334,313.0930255555556,0.0
2024-11-07,Greed,Extreme Greed,113,3,111335.3,985.2681415929204,4493.353136,26.17844238,4467.17469362,60,65,48,76.7779356770052,1.0,1.3541666666666667,39.764187044247784,74.88921893333332,0.0
2024-11-08,Greed,Extreme Greed,39,2,270700.44,6941.036923076923,-64.41354100000007,93.87825699999999,-158.29179800000006,16,39,0,3.787749031955522,0.375,,-1.6516292564102582,-4.025846312500004,-64.41354100000007
2024-11-09,Greed,Extreme Greed,86,2,193384.41,2248.655930232558,102.90894,66.18450299999999,36.724437,44,9,77,29.888529560198286,0.4318181818181818,0.11688311688311688,1.196615581395349,2.3388395454545456,0.0
2024-11-10,Greed,Extreme Greed,173,3,413636.7,2390.963583815029,991.114334,142.313546,848.800788,51,9,164,12.424091923183537,1.0,0.054878048780487805,5.728984589595376,19.433614392156862,0.0
2024-11-11,Greed,Extreme Greed,373,4,1570572.42,4210.649919571046,6749.630996,396.91055,6352.720446,96,24,349,48.584997977192245,0.9583333333333334,0.06876790830945559,18.09552545844504,70.30865620833333,0.0
2024-11-12,Greed,Extreme Greed,171,4,1226354.52,7171.663859649123,3494.399394,427.904853,3066.494541,42,80,91,9.078660631254227,0.8095238095238095,0.8791208791208791,20.435084175438597,83.19998557142857,0.0
2024-11-13,Greed,Extreme Greed,48,5,515336.37,10736.174375,7846.402274,179.184068,7667.2182060000005,32,44,4,4.981050013668581,0.84375,11.0,163.46671404166668,245.2000710625,0.0
2024-11-14,Greed,Extreme Greed,110,2,1008361.81,9166.925545454545,4563.509225,335.028802,4228.480423,28,110,0,10.991634560710157,1.0,,41.4864475,162.98247232142856,0.0
2024-11-15,Greed,Extreme Greed,149,4,1427858.42,9582.942416107382,4140.740438,466.427513,3674.312925,55,116,33,9.538538481272445,1.0,3.515151515151515,27.790204281879195,75.28618978181818,0.0
2024-11-16,Greed,Extreme Greed,157,4,303296.07,1931.822101910828,2769.521909,100.171303,2669.350606,58,81,76,8.10347185413336,0.8275862068965517,1.0657894736842106,17.640266936305732,47.75037774137931,0.0
2024-11-17,Greed,Extreme Greed,209,4,1215987.57,5818.122344497608,882.975285,271.111689,611.863596,62,66,143,13.249184831460674,0.7903225806451613,0.46153846153846156,4.224762129186603,14.24153685483871,0.0
2024-11-18,Greed,Extreme Greed,346,7,2084339.58,6024.102832369942,4470.815187,445.104339,4025.710848,156,160,186,6.267691659983961,0.7948717948717948,0.8602150537634409,12.921431176300578,28.659071711538463,0.0
2024-11-19,Greed,Extreme Greed,305,5,628031.15,2059.118524590164,2958.268991,201.486933,2756.782058,167,156,149,4.730154850746268,0.8982035928143712,1.0469798657718121,9.699242593442623,17.714185574850298,0.0
2024-11-20,Greed,Extreme Greed,550,5,1999514.1199999999,3635.480218181818,4210.0928969999995,644.057369,3566.035528,299,433,117,4.48516412534518,0.7324414715719063,3.700854700854701,7.654714358181818,14.080578250836119,0.0
2024-11-21,Greed,Extreme Greed,535,5,598300.62,1118.3189158878504,1692.430891,198.628267,1493.802624,255,395,140,6.234563875478108,0.6470588235294118,2.8214285714285716,3.1634222261682243,6.63698388627451,0.0
2024-11-22,Greed,Extreme Greed,679,6,1646713.62,2425.2041531664213,-18105.345617,436.439059,-18541.784676,352,428,251,7.833817218628237,0.59375,1.705179282868526,-26.664721085419732,-51.43564095738636,-18105.345617
2024-11-23,Greed,Extreme Greed,363,4,516245.68,1422.1644077134986,2901.531638,154.621867,2746.909771,149,126,237,9.063218133254193,0.8590604026845637,0.5316455696202531,7.993200104683195,19.473366697986577,0.0
2024-11-24,Greed,Extreme Greed,172,3,664952.28,3866.001627906977,945.550386,202.583126,742.96726,61,70,102,9.127738343887302,0.7540983606557377,0.6862745098039216,5.497385965116279,15.500826,0.0
2024-11-25,Greed,Extreme Greed,255,2,937410.87,3676.1210588235294,5523.740734,283.779701,5239.961033,149,132,123,6.808485412421952,0.7046979865771812,1.0731707317073171,21.66172836862745,37.07208546308725,0.0
2024-11-26,Greed,Extreme Greed,302,4,1146902.44,3797.6901986754965,1094.809359,311.298478,783.510881,128,224,78,10.004000000000001,0.6875,2.871794871794872,3.6251965529801327,8.5531981171875,0.0
2024-11-27,Greed,Extreme Greed,213,2,1444242.53,6780.481361502348,-2654.495633,439.714536,-3094.210169,130,142,71,5.464119274772397,0.5692307692307692,2.0,-12.462420812206572,-20.419197176923078,-2654.495633
2024-11-28,Greed,Extreme Greed,332,5,1894225.15,5705.497439759036,-127075.39958499999,315.582009,-127390.981594,228,161,171,8.069990898179636,0.4780701754385965,0.9415204678362573,-382.75722766566264,-557.3482437938596,-127075.39958499999
2024-11-29,Greed,Extreme Greed,393,11,794262.91,2021.0252162849874,176844.994152,192.45173557,176652.54241643,209,158,235,15.03541300650031,0.9186602870813397,0.6723404255319149,449.98726247328244,846.1482973779904,0.0
2024-11-30,Greed,Extreme Greed,373,8,1732193.7,4643.950938337802,37316.69352,552.3753395,36764.3181805,173,79,294,15.056942020349926,0.9075144508670521,0.2687074829931973,100.04475474530831,215.7034307514451,0.0
2024-12-01,Greed,Extreme Greed,416,9,814711.82,1958.441875,40886.364494,245.38375138,40640.98074262,232,102,314,25.646302794956867,0.9525862068965517,0.3248407643312102,98.28453003365385,176.23432971551725,0.0
2024-12-02,Greed,Extreme Greed,270,8,585243.56,2167.568740740741,18489.604313,147.88781359,18341.71649941,112,157,113,13.190526831560895,0.9821428571428571,1.3893805309734513,68.48001597407408,165.08575279464284,0.0
2024-12-03,Greed,Extreme Greed,374,8,1084666.53,2900.177887700535,23576.539285,330.57309170999997,23245.966193289998,177,222,152,29.905748171492778,0.9096045197740112,1.4605263157894737,63.03887509358289,133.20078692090394,0.0
2024-12-04,Greed,Extreme Greed,319,7,769287.65,2411.5600313479626,292891.815021,172.60641765,292719.20860335,166,86,233,27.01251031782502,0.891566265060241,0.36909871244635195,918.1561599404388,1764.4085242228914,0.0
2024-12-05,Greed,Extreme Greed,456,8,1256750.79,2756.0324342105264,71574.11848800001,352.76572323,71221.35276477,205,100,356,14.633994740616783,0.9414634146341463,0.2808988764044944,156.96078615789474,349.14204140487806,0.0
2024-12-06,Greed,Greed,403,10,3471019.22,8612.950918114144,-92624.643895,691.99378587,-93316.63768087,137,131,272,18.10820081346293,0.6861313868613139,0.48161764705882354,-229.83782604218362,-676.0922912043795,-92624.643895
2024-12-07,Greed,Extreme Greed,304,6,451733.42,1485.965197368421,85906.279067,108.4520379,85797.8270291,142,21,283,12.714025503869701,0.9225352112676056,0.07420494699646643,282.5864442993421,604.9737962464789,0.0
2024-12-08,Greed,Extreme Greed,420,6,932939.72,2221.2850476190474,15965.933436,234.17888346,15731.75455254,156,31,389,44.89101005025125,0.9743589743589743,0.07969151670951156,38.014127228571425,102.34572715384616,0.0
2024-12-09,Greed,Extreme Greed,539,10,983949.68,1825.5096103896105,6310.967676,174.77343643,6136.19423957,178,315,224,28.215147944775474,0.9662921348314607,1.40625,11.708659881261596,35.45487458426967,0.0
2024-12-10,Greed,Extreme Greed,1596,11,3150424.08,1973.94992481203,39325.770231,453.54068535,38872.22954565,1123,460,1136,100.0,0.8343722172751559,0.40492957746478875,24.640206911654136,35.0184953081033,0.0
2024-12-11,Greed,Greed,1221,12,2194098.33,1796.9683292383293,319051.554217,413.50923006,318638.04498694,882,141,1080,100.0,0.9863945578231292,0.13055555555555556,261.30348420720725,361.7364560283447,0.0
2024-12-12,Greed,Extreme Greed,1932,14,4557189.87,2358.7939285714288,599151.795008,698.96545151,598452.82955649,1417,363,1569,100.0,0.9541284403669725,0.23135755258126195,310.1199767122153,422.8311891376147,0.0
2024-12-13,Greed,Extreme Greed,1173,11,2880824.64,2455.9459846547315,31935.901745,453.22737636,31482.67436864,489,833,340,56.94780685434188,0.9631901840490797,2.45,27.22583268968457,65.30859252556237,0.0
2024-12-14,Greed,Extreme Greed,1235,12,2369561.78,1918.6735060728743,167801.399244,232.09144503,167569.30779897,602,843,392,46.755109504516355,0.9717607973421927,2.1505102040816326,135.87157833522267,278.7398658538206,0.0
2024-12-15,Greed,Extreme Greed,1697,15,2583269.81,1522.256812021214,97525.315279,231.33057037999998,97293.98470862,469,1362,335,100.0,0.8891257995735607,4.065671641791044,57.4692488385386,207.9431029402985,0.0
2024-12-16,Greed,Extreme Greed,1055,13,2740808.97,2597.9231943127966,166774.344133,402.150056,166372.194077,546,528,527,89.57000498263365,0.9798534798534798,1.0018975332068312,158.07994704549765,305.44751672710623,0.0
2024-12-17,Greed,Extreme Greed,1941,16,5233597.63,2696.3408706852138,219591.305172,746.14038598,218845.16478602,873,1045,896,90.84188068217959,0.9702176403207331,1.1662946428571428,113.13307839876352,251.5364320412371,0.0
2024-12-18,Greed,Extreme Greed,1429,13,3798887.07,2658.423421973408,13682.994673,691.44797021,12991.54670279,743,666,763,78.00941801869322,0.7039030955585465,0.872870249017038,9.575223703988803,18.41587439165545,0.0
2024-12-19,Greed,Extreme Greed,3339,13,8241709.39,2468.316678646301,62744.004486000005,1056.23317908,61687.771306919996,2196,1528,1811,100.0,0.9348816029143898,0.8437327443401436,18.79125621024259,28.57195104098361,0.0
2024-12-20,Greed,Greed,2488,15,7681274.71,3087.3290635048234,254969.660039,1210.83830578,253758.82173322001,1479,1142,1346,100.0,0.9350912778904665,0.8484398216939079,102.47976689670418,172.39327926910076,0.0
2024-12-21,Greed,Greed,1681,8,4382875.12,2607.302272456871,150022.163157,680.39159713,149341.77155987,934,678,1003,100.0,0.9892933618843683,0.6759720837487537,89.24578415050566,160.62330102462528,0.0
2024-12-22,Greed,Greed,774,8,3087320.22,3988.7858139534887,352197.163973,333.05684453,351864.10712847,353,359,415,32.41140724305137,0.9546742209631728,0.8650602409638555,455.03509557235145,997.7256769773371,0.0
2024-12-23,Greed,Greed,2347,14,6771878.26,2885.333728163613,-29430.626577,1200.89694657,-30631.523523569995,1404,719,1628,100.0,0.48504273504273504,0.4416461916461916,-12.53967898466127,-20.96198474145299,-29430.626577
2024-12-24,Greed,Greed,338,11,1767036.11,5227.917485207101,14813.780116,386.78244023,14426.99767577,171,90,248,15.866595099810535,0.6666666666666666,0.3629032258064516,43.827751822485205,86.63029307602339,0.0
2024-12-25,Greed,Greed,208,6,347889.35,1672.5449519230767,756.6570469999998,66.51878221999999,690.1382647799999,82,59,149,13.28784875429741,0.7682926829268293,0.3959731543624161,3.637774264423076,9.227524963414632,0.0
2024-12-26,Greed,Extreme Greed,697,7,2205242.65,3163.9062410329984,60228.639722,523.35899848,59705.28072352,371,233,464,98.59876589090908,0.9649595687331537,0.5021551724137931,86.41124780774749,162.34134695956874,0.0
2024-12-27,Greed,Greed,260,7,347913.0,1338.126923076923,2672.811035,88.5556466,2584.2553884000004,116,71,189,37.305619178198285,0.9482758620689655,0.37566137566137564,10.280042442307693,23.041474439655175,0.0
2024-12-28,Greed,Greed,161,7,281555.01,1748.7888819875777,940.673623,48.40849263,892.26513037,46,39,122,33.36554180499397,0.8043478260869565,0.319672131147541,5.842693310559007,20.449426586956523,0.0
2024-12-29,Greed,Greed,201,7,344628.54,1714.5698507462685,2884.067927,72.1173571,2811.9505699,64,22,179,67.18167170574029,1.0,0.12290502793296089,14.348596651741294,45.063561359375,0.0
2024-12-30,Greed,Greed,304,9,1073865.73,3532.453059210526,9009.738137,284.90632048,8724.83181652,122,158,146,16.18887204562845,0.9836065573770492,1.082191780821918,29.637296503289473,73.85031259836066,0.0
2024-12-31,Greed,Greed,306,6,877164.62,2866.551045751634,5445.01281,266.51641113,5178.49639887,100,198,108,24.773113037704302,0.92,1.8333333333333333,17.794159509803922,54.4501281,0.0
2025-01-01,Greed,Greed,96,6,282582.1,2943.5635416666664,-9528.065345,31.60438221,-9559.66972721,30,48,48,6.697135438683726,0.9666666666666667,1.0,-99.25068067708334,-317.6021781666667,-9528.065345
2025-01-02,Greed,Greed,361,9,774674.84,2145.9136842105263,8716.519087,176.13969323,8540.37939377,168,96,265,9.99601078775715,0.9821428571428571,0.3622641509433962,24.145482235457067,51.884042184523814,0.0
2025-01-03,Greed,Greed,508,9,771208.99,1518.1279330708662,6028.486793,210.99783681,5817.48895619,163,134,374,12.372008482142858,0.8466257668711656,0.3582887700534759,11.867099986220472,36.98458155214724,0.0
2025-01-04,Greed,Greed,371,9,1826029.6199999999,4921.912722371967,2553.537968,233.711971,2319.825997,85,55,316,20.780457790820897,0.8823529411764706,0.17405063291139242,6.882851665768194,30.041623152941177,0.0
2025-01-05,Greed,Greed,239,8,451943.57,1890.977280334728,3187.719363,139.34161097,3048.37775203,104,29,210,19.75085337884687,0.9615384615384616,0.1380952380952381,13.337737920502093,30.651147721153848,0.0
2025-01-06,Greed,Extreme Greed,573,7,556526.99,971.2512914485166,6064.185393,174.93108825,5889.25430475,121,97,476,32.770451021516166,0.7355371900826446,0.20378151260504201,10.583220581151831,50.11723465289256,0.0
2025-01-07,Greed,Extreme Greed,637,6,1313178.1,2061.504081632653,16098.227531,303.38645263,15794.84107837,500,84,553,13.759608815426995,0.97,0.1518987341772152,25.271942748822607,32.196455062,0.0
2025-01-08,Greed,Greed,1039,11,3177275.18,3058.0126852743024,130117.090554,696.91291038,129420.17764361999,422,610,429,12.238545590525487,0.9146919431279621,1.421911421911422,125.23300342059672,308.3343378056872,0.0
2025-01-09,Greed,Greed,522,7,1020733.25,1955.427681992337,46975.928902,275.51377943,46700.41512257,169,246,276,17.888552222748224,0.8579881656804734,0.8913043478260869,89.99220096168582,277.96407634319525,0.0
2025-01-10,Neutral,Neutral,819,7,6547449.68,7994.444053724053,-10116.875552,2094.17917505,-12211.054727050001,488,594,225,13.569797914060548,0.8852459016393442,2.64,-12.352717401709402,-20.731302360655736,-10116.875552
2025-01-11,Greed,Greed,283,7,1658098.71,5859.006042402827,2269.080536,494.64797735,1774.4325586500001,88,205,78,9.891335635046314,0.7840909090909091,2.628205128205128,8.017952424028268,25.78500609090909,0.0
2025-01-12,Greed,Greed,602,7,2258459.17,3751.59330564784,5742.241803,612.0827527,5130.1590503,475,522,80,100.0,0.9936842105263158,6.525,9.538607646179402,12.088930111578946,0.0
2025-01-13,Greed,Greed,408,11,2936648.0100000002,7197.666691176471,9655.429352,863.10012478,8792.32922722,166,334,74,15.893437362774426,0.9518072289156626,4.513513513513513,23.66526801960784,58.16523706024096,0.0
2025-01-14,Greed,Greed,275,9,876581.97,3187.5708,16069.512355,240.59104948,15828.92130552,141,107,168,12.47336682370702,0.9716312056737588,0.6369047619047619,58.43459038181818,113.96817273049646,0.0
2025-01-15,Greed,Greed,267,11,1801599.8900000001,6747.565131086143,14819.5883,513.60899482,14305.97930518,139,108,159,8.362804910843243,0.8848920863309353,0.6792452830188679,55.50407602996255,106.61574316546762,0.0
2025-01-16,Greed,Extreme Greed,371,9,3049692.96,8220.196657681941,20807.709328,890.56916796,19917.140160040002,141,136,235,19.817524269773603,0.900709219858156,0.5787234042553191,56.08546988679245,147.5724065815603,0.0
2025-01-17,Greed,Extreme Greed,238,8,1110230.46,4664.8338655462185,7006.415608,351.41464889,6655.00095911,127,101,137,12.758165140939635,0.9921259842519685,0.7372262773722628,29.43872104201681,55.16862683464567,0.0
2025-01-18,Greed,Extreme Greed,651,12,2711629.88,4165.330076804916,443.2330819999997,815.9342014599999,-372.70111945999986,280,243,408,14.431979015706936,0.8857142857142857,0.5955882352941176,0.6808495883256523,1.5829752928571417,0.0
2025-01-19,Greed,Extreme Greed,1567,15,9715215.3,6199.8821314613915,87923.799302,2162.35563971,85761.44366229,434,776,791,100.0,0.7304147465437788,0.9810366624525917,56.10963580216975,202.58939931336405,0.0
2025-01-20,Greed,Extreme Greed,1315,15,8287327.01,6302.149817490495,87277.239173,2207.65981966,85069.57935334,808,808,507,29.703278421369614,0.8502475247524752,1.593688362919132,66.37052408593155,108.016385115099,0.0
2025-01-21,Greed,Extreme Greed,530,8,1523729.82,2874.961924528302,11077.839421,398.3042653,10679.5351557,214,129,401,19.254164412490795,0.9579439252336449,0.32169576059850374,20.901583813207548,51.76560477102804,0.0
2025-01-22,Greed,Extreme Greed,832,10,1778406.43,2137.5077283653845,20524.408057,471.17013976,20053.23791724,296,366,466,35.7629121106602,0.7905405405405406,0.7854077253218884,24.66875968389423,69.33921640878378,0.0
2025-01-23,Greed,Extreme Greed,1218,12,3697028.66,3035.3273070607556,101256.24216,1088.34986968,100167.89229032,847,619,599,63.29438050470107,0.9504132231404959,1.0333889816360602,83.13320374384236,119.54692108618653,0.0
2025-01-24,Greed,Extreme Greed,874,11,1611433.45,1843.7453661327231,10602.779738,338.6436011,10264.1361369,499,457,417,17.634928034837333,0.9779559118236473,1.0959232613908874,12.131326931350113,21.248055587174346,0.0
2025-01-25,Greed,Extreme Greed,506,11,1239377.7,2449.363043478261,-10348.016255999999,318.93376206,-10666.95001806,170,325,181,21.429592044639357,0.8294117647058824,1.7955801104972375,-20.450625011857706,-60.870683858823526,-10348.016255999999
2025-01-26,Greed,Greed,451,7,1201173.66,2663.3562305986693,40823.466668,382.25815423,40441.20851377,206,137,314,18.941533245432286,0.9514563106796117,0.43630573248407645,90.51766445232816,198.17216829126215,0.0
2025-01-27,Greed,Greed,773,15,1508028.31,1950.8775032341528,41331.765392,406.25916743,40925.50622457,400,491,282,26.74611972418652,0.92,1.7411347517730495,53.469295461837,103.32941348,0.0
2025-01-28,Greed,Greed,498,8,579412.17,1163.4782530120483,17979.613973,124.71028463,17854.90368837,328,210,288,22.43025175829397,0.9542682926829268,0.7291666666666666,36.103642516064255,54.81589625914634,0.0
2025-01-29,Greed,Greed,910,9,1897513.41,2085.1795714285713,23421.01147,612.52114509,22808.49032491,393,189,721,81.3765695988232,0.9643765903307888,0.2621359223300971,25.737375241758244,59.595449033078886,0.0
2025-01-30,Greed,Greed,1067,11,3014397.17,2825.114498594189,23097.471385,874.65111573,22222.82026927,423,246,821,52.787362773677366,0.8747044917257684,0.29963459196102316,21.64711470009372,54.60395126477542,0.0
2025-01-31,Greed,Extreme Greed,1016,11,2783411.48,2739.578228346457,35868.296773,670.93805151,35197.35872149,586,407,609,36.370342684685575,0.9385665529010239,0.6683087027914614,35.303441705708664,61.20869756484642,0.0
2025-02-01,Greed,Greed,634,12,1363746.44,2151.019621451104,32300.205017,285.47738189,32014.72763511,398,229,405,21.23515663855882,0.949748743718593,0.5654320987654321,50.946695610410096,81.15629401256281,0.0
2025-02-02,Greed,Greed,1319,13,5661092.29,4291.957763457164,162854.759623,1184.12208921,161670.63753379,529,879,440,35.04852951839786,0.8941398865784499,1.9977272727272728,123.46835452843062,307.85398794517954,0.0
2025-02-03,Fear,Fear,2380,12,22592901.37,9492.815701680673,348871.326269,2991.56562406,345879.76064494,1338,1329,1051,51.36114732142857,0.8243647234678625,1.2645099904852521,146.58459086932774,260.74090154633785,0.0
2025-02-04,Greed,Greed,2512,13,15678409.27,6241.404964171974,416876.88812,3853.77856394,413023.10955606,797,964,1548,76.90935266961628,0.8720200752823086,0.6227390180878553,165.9541752070064,523.0575760602259,0.0
2025-02-05,Neutral,Neutral,1297,11,8743231.51,6741.1191287586735,56706.235562,1335.74961667,55370.48594533,507,649,648,85.55301156735086,0.8224852071005917,1.001543209876543,43.721075992289904,111.84661846548323,0.0
2025-02-06,Neutral,Neutral,1703,11,2818508.87,1655.0257604227834,33803.799733,709.13035861,33094.669374389996,829,1113,590,31.609154219078892,0.9469240048250904,1.8864406779661016,19.84955944392249,40.776597989143546,0.0
2025-02-07,Fear,Fear,1524,13,3460263.54,2270.5141338582675,22450.002091,738.0892383400001,21711.91285266,537,1312,212,23.73421219387164,0.8007448789571695,6.188679245283019,14.730972500656167,41.80633536499069,0.0
2025-02-08,Fear,Fear,575,10,839734.97,1460.4086434782607,586.703253,109.97628618,476.72696682,122,542,33,62.37477298183799,0.9016393442622951,16.424242424242426,1.0203534834782608,4.80904305737705,0.0
2025-02-09,Neutral,Neutral,764,12,2920919.7,3823.19332460733,150551.829492,427.36182496,150124.46766704,334,217,547,72.75877709196561,0.9850299401197605,0.396709323583181,197.05736844502616,450.75398051497,0.0
2025-02-10,Fear,Fear,889,14,3624958.44,4077.5685489313837,63908.49465,491.3623421,63417.1323079,462,497,392,58.02161440372408,0.9199134199134199,1.2678571428571428,71.88807047244094,138.330075,0.0
2025-02-11,Neutral,Neutral,848,12,2797544.17,3298.990766509434,-6093.784817,476.43012785,-6570.2149448499995,326,422,426,42.85184790706672,0.5674846625766872,0.9906103286384976,-7.186067001179245,-18.692591463190183,-6093.784817
2025-02-12,Neutral,Neutral,1031,12,4143974.54,4019.3739476236665,19848.635032,1099.15503114,18749.48000086,557,656,375,58.94339666294401,0.8563734290843806,1.7493333333333334,19.251828353055284,35.63489233752244,0.0
2025-02-13,Neutral,Neutral,1370,11,3199852.21,2335.6585474452554,27829.534238,823.48748402,27006.04675398,657,790,580,61.150712726657765,0.9756468797564688,1.3620689655172413,20.313528640875912,42.35849960121766,0.0
2025-02-14,Neutral,Neutral,1655,15,4007103.42,2421.210525679758,213860.675308,961.57771575,212899.09759225,802,541,1114,100.0,0.885286783042394,0.4856373429084381,129.22095184773414,266.65919614463843,0.0
2025-02-15,Neutral,Neutral,932,12,1712852.95,1837.8250536480687,45042.92701,374.08731802,44668.83969198,417,686,246,17.554669703872438,0.9616306954436451,2.7886178861788617,48.32932082618026,108.01661153477218,0.0
2025-02-16,Neutral,Neutral,681,10,806177.64,1183.8144493392072,2369.478425,171.57200528,2197.90641972,349,362,319,22.17230621712785,0.8595988538681948,1.134796238244514,3.4794103157121876,6.789336461318051,0.0
2025-02-17,Neutral,Neutral,941,9,2031044.64,2158.3896280552603,1818.573295,253.48675564,1565.08653936,242,700,241,73.69424335066759,0.871900826446281,2.904564315352697,1.9325964877789585,7.514765681818181,0.0
2025-02-18,Neutral,Neutral,1676,11,3371128.68,2011.413293556086,91204.672403,609.53940291,90595.13300009,930,898,778,41.81952079527488,0.9225806451612903,1.154241645244216,54.418062292959426,98.06954021827957,0.0
2025-02-19,Fear,Fear,1361,10,3263930.24,2398.185334313005,14985.794701,688.4874495,14297.3072515,640,764,597,41.74018137722646,0.909375,1.2797319932998326,11.010870463629685,23.4153042203125,0.0
2025-02-20,Neutral,Neutral,2012,11,4628609.29,2300.5016351888667,46008.794102,1232.46402475,44776.33007725,992,1458,554,54.119929417087704,0.9717741935483871,2.631768953068592,22.867193887673956,46.379832764112905,0.0
2025-02-21,Greed,Greed,1873,14,3972159.88,2120.747399893219,119693.49395,829.71831377,118863.77563623,1012,1245,628,55.86803057572337,0.9664031620553359,1.982484076433121,63.904695114789114,118.27420350790514,0.0
2025-02-22,Neutral,Neutral,686,10,3175570.2,4629.111078717201,25278.704178,880.16463397,24398.53954403,352,365,321,45.65350828160308,0.96875,1.1370716510903427,36.849423,71.81450050568182,0.0
2025-02-23,Neutral,Neutral,520,12,1141310.74,2194.8283461538463,10656.934251,230.00271917,10426.93153183,243,277,243,63.04361848899478,0.9629629629629629,1.139917695473251,20.494104328846156,43.85569650617284,0.0
2025-02-24,Neutral,Neutral,5616,14,11223619.59,1998.5077617521367,38470.176242,2097.96443324,36372.21180876,2527,5205,411,100.0,0.8816778789077958,12.664233576642335,6.850102607193732,15.223655022556391,0.0
2025-02-25,Fear,Fear,6246,18,19414984.36,3108.3868651937237,204762.177034,3186.61506431,201575.56196969,2141,4668,1578,100.0,0.7603923400280242,2.958174904942966,32.782929400256165,95.63856937599252,0.0
2025-02-26,Fear,Extreme Fear,1176,13,4946958.13,4206.597049319727,63229.063129,754.17254667,62474.89058233,850,653,523,100.0,0.928235294117647,1.248565965583174,53.76621014370748,74.38713309294118,0.0
2025-02-27,Fear,Extreme Fear,890,9,1999898.43,2247.0768876404495,-36525.167517,512.14597331,-37037.31349031,420,101,789,100.0,0.5880952380952381,0.12801013941698353,-41.039514064044944,-86.96468456428572,-36525.167517
2025-02-28,Fear,Extreme Fear,1019,13,4123660.77,4046.7721000981355,225628.108748,878.39826396,224749.71048404,409,521,498,24.50889573628778,0.9682151589242054,1.0461847389558232,221.4211077016683,551.657967599022,0.0
2025-03-01,Fear,Extreme Fear,174,5,263824.13,1516.230632183908,10596.108968,37.06354539,10559.045422610001,84,77,97,30.834592399315994,0.9285714285714286,0.7938144329896907,60.897177977011495,126.14415438095239,0.0
2025-03-02,Fear,Fear,532,10,6460848.74,12144.452518796992,66914.320708,1931.69694201,64982.62376599,281,380,152,34.439298986148565,0.9501779359430605,2.5,125.77879832330827,238.1292551886121,0.0
2025-03-03,Fear,Fear,1482,14,8244590.38,5563.151403508772,616413.032233,1040.56404242,615372.46819058,945,534,948,100.0,0.9650793650793651,0.5632911392405063,415.9332201302294,652.2889229978837,0.0
2025-03-04,Fear,Extreme Fear,2402,16,11124247.15,4631.24360949209,182075.566585,2220.33648528,179855.23009972,818,2030,372,100.0,0.7444987775061125,5.456989247311828,75.80165136761032,222.5862672188264,0.0
2025-03-05,Fear,Extreme Fear,1660,13,9193654.22,5538.345915662651,269328.365917,2321.32151085,267007.04440615,1279,1385,275,100.0,0.9843627834245504,5.036363636363636,162.24600356445782,210.57729938780295,0.0
2025-03-06,Fear,Fear,760,12,6765324.96,8901.743368421052,16101.125561,1306.61716326,14794.508397739999,382,430,330,73.36903110014175,0.9554973821989529,1.303030303030303,21.18569152763158,42.149543353403146,0.0
2025-03-07,Fear,Fear,2552,14,19854275.48,7779.888510971787,150236.061627,4916.50104687,145319.56058013,1431,2248,304,100.0,0.9315164220824598,7.394736842105263,58.86993010462382,104.98676563731655,0.0
2025-03-08,Fear,Fear,529,13,892083.51,1686.3582419659735,24700.773359,208.339773,24492.433586,303,356,173,28.973363491068937,0.9933993399339934,2.0578034682080926,46.69333338185255,81.52070415511551,0.0
2025-03-09,Fear,Fear,1422,12,10419697.99,7327.495070323488,19773.457395,2377.0639268,17396.3934682,627,1054,368,80.62841854934602,1.0,2.864130434782609,13.905384947257385,31.536614665071774,0.0
2025-03-10,Fear,Extreme Fear,2911,14,16811790.68,5775.263029886637,-10010.027269999999,3488.37247123,-13498.399741230003,1334,2694,217,100.0,0.8673163418290855,12.414746543778802,-3.438690233596702,-7.503768568215891,-10010.027269999999
2025-03-11,Fear,Extreme Fear,3286,16,14016952.09,4265.657970176507,-76880.729036,2441.08024204,-79321.80927804,1197,2462,824,100.0,0.5146198830409356,2.987864077669903,-23.3964482763238,-64.22784380618212,-76880.729036
2025-03-12,Fear,Fear,3968,13,18618139.15,4692.071358366935,288105.984215,3658.41357197,284447.57064303,2333,3270,698,100.0,0.9601371624517788,4.684813753581662,72.60735489289314,123.49163489712816,0.0
2025-03-13,Neutral,Neutral,962,13,3285591.22,3415.375488565489,14114.870873,809.18670717,13305.68416583,490,857,105,28.342018095588912,0.8979591836734694,8.161904761904761,14.672422944906446,28.805858924489797,0.0
2025-03-14,Fear,Fear,2210,10,8047187.16,3641.261158371041,68646.160089,1193.48707492,67452.67301408,1922,2017,193,100.0,0.981789802289282,10.450777202072539,31.061610899999998,35.71600420863683,0.0
2025-03-15,Neutral,Neutral,261,8,2355749.54,9025.86030651341,78694.624572,574.332888,78120.291684,189,79,182,21.408683285709948,0.8201058201058201,0.4340659340659341,301.51197154022987,416.373674984127,0.0
2025-03-16,Fear,Fear,530,8,10187921.51,19222.49341509434,-7910.943544999999,2442.48300218,-10353.426547179999,220,289,241,49.428006256237,0.5590909090909091,1.1991701244813278,-14.926308575471696,-35.958834295454544,-7910.943544999999
2025-03-17,Fear,Fear,920,11,3592895.05,3905.320706521739,26163.906513,807.74000798,25356.16650502,483,461,459,60.32924973519663,0.8633540372670807,1.0043572984749456,28.439028818478263,54.16957870186336,0.0
2025-03-18,Fear,Fear,834,13,4050655.47,4856.901043165468,72322.788824,857.936131,71464.852693,246,396,438,92.13640854237097,0.7642276422764228,0.9041095890410958,86.71797221103118,293.9950765203252,0.0
2025-03-19,Fear,Fear,1612,12,4598813.57,2852.8620161290323,29374.682341,784.4900710184,28590.1922699816,775,1139,473,100.0,0.8658064516129033,2.4080338266384778,18.222507655707197,37.90281592387097,0.0
2025-03-20,Neutral,Neutral,771,13,1652257.93,2143.0063942931256,10246.859436,329.235446,9917.62399,440,589,182,98.77399086355605,0.7159090909090909,3.2362637362637363,13.290349463035021,23.2883169,0.0
2025-03-21,Fear,Fear,698,9,2543903.39,3644.560730659026,6951.270374,633.46068283,6317.80969117,349,649,49,83.08559491898379,1.0,13.244897959183673,9.958840077363897,19.917680154727794,0.0
2025-03-22,Fear,Fear,535,8,971809.42,1816.4662056074767,12498.535254,268.83480197,12229.70045203,331,98,437,84.0350960338586,0.7673716012084593,0.2242562929061785,23.361748138317758,37.7599252386707,0.0
2025-03-23,Fear,Fear,447,10,2593519.67,5802.057427293064,14047.421585,597.21601403,13450.20557097,146,282,165,49.35698907124634,1.0,1.709090909090909,31.425999071588368,96.21521633561643,0.0
2025-03-24,Neutral,Neutral,1027,13,3017587.05,2938.254186952288,107878.961301,531.10535137,107347.85594963,671,456,571,66.79714184916492,0.9418777943368107,0.7985989492119089,105.04280555111977,160.77341475558868,0.0
2025-03-25,Neutral,Neutral,791,13,5372519.77,6792.060391908975,32030.90678,1401.35398577,30629.55279423,390,626,165,81.27208971644455,0.7333333333333333,3.793939393939394,40.49419314791403,82.13053020512821,0.0
2025-03-26,Neutral,Neutral,3102,17,7597754.37,2449.30830754352,15802.167427,1796.80351609,14005.36391091,1618,2029,1073,94.86652495430985,0.5197775030902348,1.890959925442684,5.094186791424887,9.76648172249691,0.0
2025-03-27,Fear,Fear,785,11,3240279.46,4127.744535031847,58825.359221,714.0241193,58111.3351017,265,381,404,91.43822222222222,0.9886792452830189,0.943069306930693,74.9367633388535,221.9824876264151,0.0
2025-03-28,Fear,Fear,728,11,1483092.61,2037.2151236263737,21337.179335,389.28339505,20947.895939949998,234,559,169,67.73951502731639,0.9871794871794872,3.3076923076923075,29.30931227335165,91.18452707264957,0.0
2025-03-29,Fear,Fear,1894,10,3668151.83,1936.7221911298839,12098.872931,839.84451462,11259.02841638,940,1738,156,100.0,0.7170212765957447,11.14102564102564,6.38800049155227,12.871141415957446,0.0
2025-03-30,Fear,Fear,568,9,2850874.96,5019.146056338028,15795.11514,759.07175327,15036.04338673,106,539,29,100.0,0.8867924528301887,18.586206896551722,27.8083013028169,149.01052018867924,0.0
2025-03-31,Fear,Fear,495,12,2164772.4699999997,4373.277717171717,6978.184557,482.00163111,6496.182925889999,292,364,131,42.713802974076316,0.886986301369863,2.7786259541984735,14.097342539393939,23.89789231849315,0.0
2025-04-01,Fear,Fear,192,9,704445.1900000001,3668.9853645833336,-2202.6622420000003,162.93599482,-2365.5982368200002,122,114,78,11.782095488428105,0.7213114754098361,1.4615384615384615,-11.472199177083334,-18.054608540983608,-2202.6622420000003
2025-04-02,Fear,Fear,1076,11,3867930.6,3594.7310408921935,202212.740938,1181.2230379,201031.5179001,964,968,108,100.0,0.9989626556016598,8.962962962962964,187.930056633829,209.76425408506225,0.0
2025-04-03,Fear,Fear,1748,17,8670233.15,4960.087614416476,-2365.961276,1337.1188527,-3703.0801287000004,634,1550,198,100.0,0.8201892744479495,7.828282828282828,-1.353524757437071,-3.731800119873817,-2365.961276
2025-04-04,Fear,Fear,1272,14,3835545.73,3015.3661399371067,-25515.678949999998,836.063409361,-26351.742359361,689,1013,259,100.0,0.7155297532656023,3.911196911196911,-20.05949602987421,-37.03291574746008,-25515.678949999998
2025-04-05,Fear,Fear,360,10,1267564.22,3521.011722222222,35907.33771,282.060344,35625.277366,215,310,50,100.0,0.9720930232558139,6.2,99.74260475,167.01087306976743,0.0
2025-04-06,Fear,Fear,1048,14,3551252.06,3388.59929389313,47053.449272,618.4359126335,46435.0133593665,346,927,121,100.0,0.9595375722543352,7.661157024793388,44.89832945801527,135.99262795375722,0.0
2025-04-07,Fear,Extreme Fear,2814,18,14460253.14,5138.682707889126,34527.370305,2766.5551014029,31760.8152035971,1263,1665,1149,100.0,0.5328582739509106,1.4490861618798956,12.269854408315563,27.337585356294536,0.0
2025-04-08,Fear,Extreme Fear,943,17,8869391.4,9405.505196182397,34899.394798,2274.97769106,32624.41710694,461,748,195,45.96559891539792,0.8373101952277657,3.835897435897436,37.00890222481442,75.70367635140998,0.0
2025-04-09,Fear,Extreme Fear,3967,20,28556806.47,7198.589984875221,43120.444797,6111.274358194,37009.170438806,2224,1643,2324,76.26860977392137,0.7679856115107914,0.7069707401032702,10.86978694151752,19.38868920728417,0.0
2025-04-10,Fear,Fear,2127,19,28741953.29,13512.90704748472,158261.822261,6868.556500782,151393.265760218,1331,717,1410,82.47336707834509,0.845229151014275,0.5085106382978724,74.40612236060178,118.90444948234409,0.0
2025-04-11,Fear,Fear,1096,16,11319327.07,10327.853166058394,126406.479081,2174.4390780901,124232.04000290991,453,379,717,56.94748323083764,0.8123620309050773,0.5285913528591353,115.33437872354014,279.0430001788079,0.0
2025-04-12,Fear,Fear,2109,20,55914617.49,26512.383826458037,410419.694533,11517.596374457,398902.098158543,721,724,1385,100.0,0.7961165048543689,0.5227436823104693,194.60393292223802,569.2367469251041,0.0
2025-04-13,Neutral,Neutral,1321,17,14171154.79,10727.596358819075,48696.021521,2568.3362202649,46127.6853007351,566,584,737,69.28463920455962,0.8445229681978799,0.7924016282225237,36.86299888039364,86.03537371201413,0.0
2025-04-14,Fear,Fear,890,14,13079972.98,14696.598853932584,45680.443063,2023.157718567,43657.285344432996,418,586,304,100.0,0.8995215311004785,1.9276315789473684,51.32634052022472,109.28335661004785,0.0
2025-04-15,Fear,Fear,1131,14,20752168.24,18348.51303271441,72357.706282,1866.90475939,70490.80152261,652,550,581,100.0,0.9923312883435583,0.9466437177280551,63.976751796640144,110.9780771196319,0.0
2025-04-16,Fear,Fear,1608,17,36502715.9,22700.69396766169,58631.730257,5997.61790529,52634.11235171,807,997,611,100.0,0.677819083023544,1.6317512274959083,36.46251881654229,72.65394083890955,0.0
2025-04-17,Fear,Fear,1031,12,2604551.51,2526.238128031038,5427.919886,519.20873692,4908.71114908,369,126,905,100.0,0.8482384823848238,0.13922651933701657,5.264713759456837,14.70980998915989,0.0
2025-04-18,Fear,Fear,1894,12,24610650.46,12994.007634635693,4880.4047439999995,4667.32793177,213.07681222999963,992,551,1343,100.0,0.9788306451612904,0.41027550260610574,2.576771248152059,4.919762846774193,0.0
2025-04-19,Fear,Fear,2786,15,32706462.71,11739.577426417804,71950.577495,6480.62633269,65469.95116231,1022,667,2119,100.0,0.7964774951076321,0.31477111845210004,25.82576363783202,70.40173923189825,0.0
2025-04-20,Fear,Fear,1982,12,12126094.05,6118.110015136226,25060.341936,1887.3296081058,23173.0123278942,962,371,1611,100.0,0.8212058212058212,0.2302917442582247,12.643966668012109,26.050251492723493,0.0
2025-04-21,Fear,Fear,1718,14,42104054.84,24507.598859138536,34369.267906999994,6356.09106388,28013.17684312,852,681,1037,100.0,0.7946009389671361,0.656702025072324,20.005394590803256,40.339516322769946,0.0
2025-04-22,Neutral,Neutral,2998,15,33753625.24,11258.714222815212,58652.763578,5749.685751,52903.077827,1288,528,2470,100.0,0.6894409937888198,0.21376518218623483,19.563963835223483,45.53785992080745,0.0
2025-04-23,Greed,Greed,6159,19,30682443.79,4981.72492125345,-419020.225731,7342.08084188,-426362.30657288,4139,1528,4631,100.0,0.48320850446967867,0.32995033470092855,-68.03380836678032,-101.23706830901185,-419020.225731
2025-04-24,Greed,Greed,2232,15,35088918.64,15720.841684587815,50704.395965,7366.5003199353005,43337.8956450647,1186,1632,600,71.29388719727554,0.7782462057335582,2.72,22.717023281810036,42.752441791736935,0.0
2025-04-25,Greed,Greed,1653,16,27749455.78,16787.32957047792,20218.859206,6299.0932547382,13919.765951261801,730,431,1222,100.0,0.873972602739726,0.3527004909983633,12.231614764670297,27.697067405479455,0.0
2025-04-26,Greed,Greed,1131,12,11948127.77,10564.215534924844,-4125.753942,2652.30675352,-6778.06069552,552,401,730,100.0,0.3532608695652174,0.5493150684931507,-3.6478814694960215,-7.474191923913044,-4125.753942
2025-04-27,Greed,Greed,337,9,487537.69,1446.6993768545994,2702.067468,55.9267726562,2646.1406953438,163,292,45,47.30524386213373,0.7361963190184049,6.488888888888889,8.018004356083086,16.577101030674847,0.0
2025-04-28,Neutral,Neutral,1379,8,26124921.49,18944.83066715011,36906.813759,6007.2514035301,30899.5623554699,722,1015,364,100.0,0.796398891966759,2.7884615384615383,26.763461754169686,51.11747058033241,0.0
2025-04-29,Greed,Greed,2243,7,34089511.66,15198.177289344627,125749.613427,5149.2952871531,120600.3181398469,1034,1114,1129,100.0,0.937137330754352,0.9867139061116031,56.06313572313866,121.61471317891683,0.0
2025-04-30,Greed,Greed,1113,8,12693878.85,11405.10229110512,14003.797269,2950.1837728755,11053.6134961245,329,778,335,100.0,0.8966565349544073,2.3223880597014928,12.582028094339623,42.56473334042553,0.0
2025-05-01,Neutral,Neutral,1230,11,10720240.52,8715.642699186992,54536.829297000004,2652.6136779658,51884.2156190342,674,703,527,100.0,0.7863501483679525,1.333965844402277,44.338885607317074,80.91517699851633,0.0
